🗓️  365-Day Master Content Calendar,,,,,,,,,,,,,,,
"पूरे साल का दिन-प्रतिदिन plan — primary + secondary asset, pattern, platform, objective, trigger",,,,,,,,,,,,,,,
Day,Date,Weekday,Week,Month Theme,Primary Asset,Pattern,Topic,Secondary Asset,Platform Mix,Best Time,Objective,Psych Trigger,Festival/Season,Status,
1,07-06-2026,Sun,W1,भरोसा बनाओ (Trust Launch),Reel,Profit Reveal,Profit Reveal: गेहूं,Carousel,IG+YT Short+WA,08:30 PM,App Download,Fear (डर),,⬜ Pending,
2,08-06-2026,Mon,W1,भरोसा बनाओ (Trust Launch),Reel,Profit Reveal,Profit Reveal: धान,Story,IG+FB,05:00 PM,Farmer Registration,Fear (डर),,⬜ Pending,
3,09-06-2026,Tue,W1,भरोसा बनाओ (Trust Launch),Reel,Profit Reveal,Profit Reveal: मक्का,Engagement Post,IG+WA,08:00 PM,Marketplace Listing,Fear (डर),,⬜ Pending,
4,10-06-2026,Wed,W1,भरोसा बनाओ (Trust Launch),Reel,Profit Reveal,Profit Reveal: सोयाबीन,Static Poster,YT+IG,07:30 AM,Buyer-Seller Connect,Fear (डर),,⬜ Pending,
5,11-06-2026,Thu,W1,भरोसा बनाओ (Trust Launch),Reel,Mandi Shock,Mandi Shock: कपास,Story,IG+FB+WA,09:30 AM,WhatsApp Growth,Profit (मुनाफा),,⬜ Pending,
6,12-06-2026,Fri,W1,भरोसा बनाओ (Trust Launch),Reel,Mandi Shock,Mandi Shock: गन्ना,WhatsApp Broadcast,IG Story+WA,07:00 PM,Brand Authority,Profit (मुनाफा),,⬜ Pending,
7,13-06-2026,Sat,W1,भरोसा बनाओ (Trust Launch),Reel,Mandi Shock,Mandi Shock: टमाटर,Infographic,YT+IG+FB,12:00 PM,Farmer Retention,Profit (मुनाफा),,⬜ Pending,
8,14-06-2026,Sun,W2,भरोसा बनाओ (Trust Launch),Reel,Mandi Shock,Mandi Shock: प्याज,Carousel,IG+YT Short+WA,08:30 PM,Revenue Growth,Profit (मुनाफा),,⬜ Pending,
9,15-06-2026,Mon,W2,भरोसा बनाओ (Trust Launch),Reel,Crop Emergency Alert,Crop Emergency Alert: आलू,Story,IG+FB,05:00 PM,App Download,Loss Avoidance (नुकसान से बचाव),,⬜ Pending,
10,16-06-2026,Tue,W2,भरोसा बनाओ (Trust Launch),Reel,Crop Emergency Alert,Crop Emergency Alert: मिर्च,Engagement Post,IG+WA,08:00 PM,Farmer Registration,Loss Avoidance (नुकसान से बचाव),,⬜ Pending,
11,17-06-2026,Wed,W2,भरोसा बनाओ (Trust Launch),Reel,Crop Emergency Alert,Crop Emergency Alert: सरसों,Static Poster,YT+IG,07:30 AM,Marketplace Listing,Loss Avoidance (नुकसान से बचाव),,⬜ Pending,
12,18-06-2026,Thu,W2,भरोसा बनाओ (Trust Launch),Reel,Crop Emergency Alert,Crop Emergency Alert: चना,Story,IG+FB+WA,09:30 AM,Buyer-Seller Connect,Loss Avoidance (नुकसान से बचाव),,⬜ Pending,
13,19-06-2026,Fri,W2,भरोसा बनाओ (Trust Launch),Reel,Farmer Success Story,Farmer Success Story: मूंग,WhatsApp Broadcast,IG Story+WA,07:00 PM,WhatsApp Growth,Social Proof (सामाजिक प्रमाण),,⬜ Pending,
14,20-06-2026,Sat,W2,भरोसा बनाओ (Trust Launch),Reel,Farmer Success Story,Farmer Success Story: बाजरा,Infographic,YT+IG+FB,12:00 PM,Brand Authority,Social Proof (सामाजिक प्रमाण),,⬜ Pending,
15,21-06-2026,Sun,W3,भरोसा बनाओ (Trust Launch),Reel,Farmer Success Story,Farmer Success Story: ज्वार,Carousel,IG+YT Short+WA,08:30 PM,Farmer Retention,Social Proof (सामाजिक प्रमाण),,⬜ Pending,
16,22-06-2026,Mon,W3,भरोसा बनाओ (Trust Launch),Reel,Farmer Success Story,Farmer Success Story: हल्दी,Story,IG+FB,05:00 PM,Revenue Growth,Social Proof (सामाजिक प्रमाण),,⬜ Pending,
17,23-06-2026,Tue,W3,भरोसा बनाओ (Trust Launch),Reel,Machinery Pride,Machinery Pride: अदरक,Engagement Post,IG+WA,08:00 PM,App Download,Local Identity (स्थानीय पहचान),,⬜ Pending,
18,24-06-2026,Wed,W3,भरोसा बनाओ (Trust Launch),Reel,Machinery Pride,Machinery Pride: लहसुन,Static Poster,YT+IG,07:30 AM,Farmer Registration,Local Identity (स्थानीय पहचान),,⬜ Pending,
19,25-06-2026,Thu,W3,भरोसा बनाओ (Trust Launch),Reel,Scheme Bomb,Scheme Bomb: केला,Story,IG+FB+WA,09:30 AM,Marketplace Listing,Authority (अधिकार),,⬜ Pending,
20,26-06-2026,Fri,W3,भरोसा बनाओ (Trust Launch),Reel,Scheme Bomb,Scheme Bomb: अनार,WhatsApp Broadcast,IG Story+WA,07:00 PM,Buyer-Seller Connect,Authority (अधिकार),,⬜ Pending,
21,27-06-2026,Sat,W3,भरोसा बनाओ (Trust Launch),Reel,Scheme Bomb,Scheme Bomb: Dragon Fruit,Infographic,YT+IG+FB,12:00 PM,WhatsApp Growth,Authority (अधिकार),,⬜ Pending,
22,28-06-2026,Sun,W4,भरोसा बनाओ (Trust Launch),Reel,Scheme Bomb,Scheme Bomb: स्ट्रॉबेरी,Carousel,IG+YT Short+WA,08:30 PM,Brand Authority,Authority (अधिकार),,⬜ Pending,
23,29-06-2026,Mon,W4,भरोसा बनाओ (Trust Launch),Reel,Jugaad Hack,Jugaad Hack: मशरूम,Story,IG+FB,05:00 PM,Farmer Retention,Curiosity (जिज्ञासा),,⬜ Pending,
24,30-06-2026,Tue,W4,भरोसा बनाओ (Trust Launch),Reel,Jugaad Hack,Jugaad Hack: सब्ज़ी,Engagement Post,IG+WA,08:00 PM,Revenue Growth,Curiosity (जिज्ञासा),,⬜ Pending,
25,01-07-2026,Wed,W4,समुदाय (Community),Reel,Before / After,Before / After: भिंडी,Static Poster,YT+IG,07:30 AM,App Download,Urgency (तात्कालिकता),,⬜ Pending,
26,02-07-2026,Thu,W4,समुदाय (Community),Reel,Before / After,Before / After: बैंगन,Story,IG+FB+WA,09:30 AM,Farmer Registration,Urgency (तात्कालिकता),,⬜ Pending,
27,03-07-2026,Fri,W4,समुदाय (Community),Reel,Mahila Kisan,Mahila Kisan: फूलगोभी,WhatsApp Broadcast,IG Story+WA,07:00 PM,Marketplace Listing,Community (समुदाय),,⬜ Pending,
28,04-07-2026,Sat,W4,समुदाय (Community),Reel,Mahila Kisan,Mahila Kisan: मटर,Infographic,YT+IG+FB,12:00 PM,Buyer-Seller Connect,Community (समुदाय),,⬜ Pending,
29,05-07-2026,Sun,W5,समुदाय (Community),Reel,Mahila Kisan,Mahila Kisan: अरहर,Carousel,IG+YT Short+WA,08:30 PM,WhatsApp Growth,Community (समुदाय),,⬜ Pending,
30,06-07-2026,Mon,W5,समुदाय (Community),Reel,Mahila Kisan,Mahila Kisan: मूंगफली,Story,IG+FB,05:00 PM,Brand Authority,Community (समुदाय),,⬜ Pending,
31,07-07-2026,Tue,W5,समुदाय (Community),Reel,Weather Emergency,Weather Emergency: गेहूं,Engagement Post,IG+WA,08:00 PM,Farmer Retention,Fear (डर),,⬜ Pending,
32,08-07-2026,Wed,W5,समुदाय (Community),Reel,Weather Emergency,Weather Emergency: धान,Static Poster,YT+IG,07:30 AM,Revenue Growth,Fear (डर),,⬜ Pending,
33,09-07-2026,Thu,W5,समुदाय (Community),Reel,Weather Emergency,Weather Emergency: मक्का,Story,IG+FB+WA,09:30 AM,App Download,Fear (डर),,⬜ Pending,
34,10-07-2026,Fri,W5,समुदाय (Community),Reel,Weather Emergency,Weather Emergency: सोयाबीन,WhatsApp Broadcast,IG Story+WA,07:00 PM,Farmer Registration,Fear (डर),,⬜ Pending,
35,11-07-2026,Sat,W5,समुदाय (Community),Reel,Myth Buster,Myth Buster: कपास,Infographic,YT+IG+FB,12:00 PM,Marketplace Listing,Profit (मुनाफा),,⬜ Pending,
36,12-07-2026,Sun,W6,समुदाय (Community),Reel,Profit Calculator,Profit Calculator: गन्ना,Carousel,IG+YT Short+WA,08:30 PM,Buyer-Seller Connect,Loss Avoidance (नुकसान से बचाव),,⬜ Pending,
37,13-07-2026,Mon,W6,समुदाय (Community),Reel,Profit Calculator,Profit Calculator: टमाटर,Story,IG+FB,05:00 PM,WhatsApp Growth,Loss Avoidance (नुकसान से बचाव),,⬜ Pending,
38,14-07-2026,Tue,W6,समुदाय (Community),Reel,Profit Calculator,Profit Calculator: प्याज,Engagement Post,IG+WA,08:00 PM,Brand Authority,Loss Avoidance (नुकसान से बचाव),,⬜ Pending,
39,15-07-2026,Wed,W6,समुदाय (Community),Reel,Profit Calculator,Profit Calculator: आलू,Static Poster,YT+IG,07:30 AM,Farmer Retention,Loss Avoidance (नुकसान से बचाव),,⬜ Pending,
40,16-07-2026,Thu,W6,समुदाय (Community),Reel,Field Interview,Field Interview: मिर्च,Story,IG+FB+WA,09:30 AM,Revenue Growth,Social Proof (सामाजिक प्रमाण),,⬜ Pending,
41,17-07-2026,Fri,W6,समुदाय (Community),Reel,Field Interview,Field Interview: सरसों,WhatsApp Broadcast,IG Story+WA,07:00 PM,App Download,Social Proof (सामाजिक प्रमाण),,⬜ Pending,
42,18-07-2026,Sat,W6,समुदाय (Community),Reel,Old vs New,Old vs New: चना,Infographic,YT+IG+FB,12:00 PM,Farmer Registration,Local Identity (स्थानीय पहचान),,⬜ Pending,
43,19-07-2026,Sun,W7,समुदाय (Community),Reel,Old vs New,Old vs New: मूंग,Carousel,IG+YT Short+WA,08:30 PM,Marketplace Listing,Local Identity (स्थानीय पहचान),,⬜ Pending,
44,20-07-2026,Mon,W7,समुदाय (Community),Reel,Hidden Crop,Hidden Crop: बाजरा,Story,IG+FB,05:00 PM,Buyer-Seller Connect,Authority (अधिकार),,⬜ Pending,
45,21-07-2026,Tue,W7,समुदाय (Community),Reel,Hidden Crop,Hidden Crop: ज्वार,Engagement Post,IG+WA,08:00 PM,WhatsApp Growth,Authority (अधिकार),,⬜ Pending,
46,22-07-2026,Wed,W7,समुदाय (Community),Reel,Hidden Crop,Hidden Crop: हल्दी,Static Poster,YT+IG,07:30 AM,Brand Authority,Authority (अधिकार),,⬜ Pending,
47,23-07-2026,Thu,W7,समुदाय (Community),Reel,Hidden Crop,Hidden Crop: अदरक,Story,IG+FB+WA,09:30 AM,Farmer Retention,Authority (अधिकार),,⬜ Pending,
48,24-07-2026,Fri,W7,समुदाय (Community),Reel,Tech Tutorial,Tech Tutorial: लहसुन,WhatsApp Broadcast,IG Story+WA,07:00 PM,Revenue Growth,Curiosity (जिज्ञासा),,⬜ Pending,
49,25-07-2026,Sat,W7,समुदाय (Community),Reel,Tech Tutorial,Tech Tutorial: केला,Infographic,YT+IG+FB,12:00 PM,App Download,Curiosity (जिज्ञासा),,⬜ Pending,
50,26-07-2026,Sun,W8,समुदाय (Community),Reel,Tech Tutorial,Tech Tutorial: अनार,Carousel,IG+YT Short+WA,08:30 PM,Farmer Registration,Curiosity (जिज्ञासा),,⬜ Pending,
51,27-07-2026,Mon,W8,समुदाय (Community),Reel,Tech Tutorial,Tech Tutorial: Dragon Fruit,Story,IG+FB,05:00 PM,Marketplace Listing,Curiosity (जिज्ञासा),,⬜ Pending,
52,28-07-2026,Tue,W8,समुदाय (Community),Reel,Award / Recognition,Award / Recognition: स्ट्रॉबेरी,Engagement Post,IG+WA,08:00 PM,Buyer-Seller Connect,Urgency (तात्कालिकता),,⬜ Pending,
53,29-07-2026,Wed,W8,समुदाय (Community),Reel,Regional Language,Regional Language: मशरूम,Static Poster,YT+IG,07:30 AM,WhatsApp Growth,Community (समुदाय),,⬜ Pending,
54,30-07-2026,Thu,W8,समुदाय (Community),Reel,Regional Language,Regional Language: सब्ज़ी,Story,IG+FB+WA,09:30 AM,Brand Authority,Community (समुदाय),,⬜ Pending,
55,31-07-2026,Fri,W8,समुदाय (Community),Reel,Regional Language,Regional Language: भिंडी,WhatsApp Broadcast,IG Story+WA,07:00 PM,Farmer Retention,Community (समुदाय),,⬜ Pending,
56,01-08-2026,Sat,W8,मानसून + फसल सुरक्षा,Reel,Regional Language,Regional Language: बैंगन,Infographic,YT+IG+FB,12:00 PM,Revenue Growth,Community (समुदाय),,⬜ Pending,
57,02-08-2026,Sun,W9,मानसून + फसल सुरक्षा,Reel,Community Debate,Community Debate: फूलगोभी,Carousel,IG+YT Short+WA,08:30 PM,App Download,Fear (डर),,⬜ Pending,
58,03-08-2026,Mon,W9,मानसून + फसल सुरक्षा,Reel,Community Debate,Community Debate: मटर,Story,IG+FB,05:00 PM,Farmer Registration,Fear (डर),,⬜ Pending,
59,04-08-2026,Tue,W9,मानसून + फसल सुरक्षा,Reel,Seasonal Countdown,Seasonal Countdown: अरहर,Engagement Post,IG+WA,08:00 PM,Marketplace Listing,Profit (मुनाफा),,⬜ Pending,
60,05-08-2026,Wed,W9,मानसून + फसल सुरक्षा,Reel,Seasonal Countdown,Seasonal Countdown: मूंगफली,Static Poster,YT+IG,07:30 AM,Buyer-Seller Connect,Profit (मुनाफा),,⬜ Pending,
61,06-08-2026,Thu,W9,मानसून + फसल सुरक्षा,Reel,Seasonal Countdown,Seasonal Countdown: गेहूं,Story,IG+FB+WA,09:30 AM,WhatsApp Growth,Profit (मुनाफा),,⬜ Pending,
62,07-08-2026,Fri,W9,मानसून + फसल सुरक्षा,Reel,Seasonal Countdown,Seasonal Countdown: धान,WhatsApp Broadcast,IG Story+WA,07:00 PM,Brand Authority,Profit (मुनाफा),,⬜ Pending,
63,08-08-2026,Sat,W9,मानसून + फसल सुरक्षा,Reel,Profit Reveal,Profit Reveal: मक्का,Infographic,YT+IG+FB,12:00 PM,Farmer Retention,Fear (डर),,⬜ Pending,
64,09-08-2026,Sun,W10,मानसून + फसल सुरक्षा,Reel,Profit Reveal,Profit Reveal: सोयाबीन,Carousel,IG+YT Short+WA,08:30 PM,Revenue Growth,Fear (डर),,⬜ Pending,
65,10-08-2026,Mon,W10,मानसून + फसल सुरक्षा,Reel,Profit Reveal,Profit Reveal: कपास,Story,IG+FB,05:00 PM,App Download,Fear (डर),,⬜ Pending,
66,11-08-2026,Tue,W10,मानसून + फसल सुरक्षा,Reel,Profit Reveal,Profit Reveal: गन्ना,Engagement Post,IG+WA,08:00 PM,Farmer Registration,Fear (डर),,⬜ Pending,
67,12-08-2026,Wed,W10,मानसून + फसल सुरक्षा,Reel,Mandi Shock,Mandi Shock: टमाटर,Static Poster,YT+IG,07:30 AM,Marketplace Listing,Profit (मुनाफा),,⬜ Pending,
68,13-08-2026,Thu,W10,मानसून + फसल सुरक्षा,Reel,Mandi Shock,Mandi Shock: प्याज,Story,IG+FB+WA,09:30 AM,Buyer-Seller Connect,Profit (मुनाफा),,⬜ Pending,
69,14-08-2026,Fri,W10,मानसून + फसल सुरक्षा,Reel,Mandi Shock,Mandi Shock: आलू,WhatsApp Broadcast,IG Story+WA,07:00 PM,WhatsApp Growth,Profit (मुनाफा),,⬜ Pending,
70,15-08-2026,Sat,W10,मानसून + फसल सुरक्षा,Reel,Mandi Shock,Mandi Shock: मिर्च,Infographic,YT+IG+FB,12:00 PM,Brand Authority,Profit (मुनाफा),स्वतंत्रता दिवस,⬜ Pending,
71,16-08-2026,Sun,W11,मानसून + फसल सुरक्षा,Reel,Crop Emergency Alert,Crop Emergency Alert: सरसों,Carousel,IG+YT Short+WA,08:30 PM,Farmer Retention,Loss Avoidance (नुकसान से बचाव),,⬜ Pending,
72,17-08-2026,Mon,W11,मानसून + फसल सुरक्षा,Reel,Crop Emergency Alert,Crop Emergency Alert: चना,Story,IG+FB,05:00 PM,Revenue Growth,Loss Avoidance (नुकसान से बचाव),,⬜ Pending,
73,18-08-2026,Tue,W11,मानसून + फसल सुरक्षा,Reel,Crop Emergency Alert,Crop Emergency Alert: मूंग,Engagement Post,IG+WA,08:00 PM,App Download,Loss Avoidance (नुकसान से बचाव),,⬜ Pending,
74,19-08-2026,Wed,W11,मानसून + फसल सुरक्षा,Reel,Crop Emergency Alert,Crop Emergency Alert: बाजरा,Static Poster,YT+IG,07:30 AM,Farmer Registration,Loss Avoidance (नुकसान से बचाव),,⬜ Pending,
75,20-08-2026,Thu,W11,मानसून + फसल सुरक्षा,Reel,Farmer Success Story,Farmer Success Story: ज्वार,Story,IG+FB+WA,09:30 AM,Marketplace Listing,Social Proof (सामाजिक प्रमाण),,⬜ Pending,
76,21-08-2026,Fri,W11,मानसून + फसल सुरक्षा,Reel,Farmer Success Story,Farmer Success Story: हल्दी,WhatsApp Broadcast,IG Story+WA,07:00 PM,Buyer-Seller Connect,Social Proof (सामाजिक प्रमाण),,⬜ Pending,
77,22-08-2026,Sat,W11,मानसून + फसल सुरक्षा,Reel,Farmer Success Story,Farmer Success Story: अदरक,Infographic,YT+IG+FB,12:00 PM,WhatsApp Growth,Social Proof (सामाजिक प्रमाण),,⬜ Pending,
78,23-08-2026,Sun,W12,मानसून + फसल सुरक्षा,Reel,Farmer Success Story,Farmer Success Story: लहसुन,Carousel,IG+YT Short+WA,08:30 PM,Brand Authority,Social Proof (सामाजिक प्रमाण),,⬜ Pending,
79,24-08-2026,Mon,W12,मानसून + फसल सुरक्षा,Reel,Machinery Pride,Machinery Pride: केला,Story,IG+FB,05:00 PM,Farmer Retention,Local Identity (स्थानीय पहचान),,⬜ Pending,
80,25-08-2026,Tue,W12,मानसून + फसल सुरक्षा,Reel,Machinery Pride,Machinery Pride: अनार,Engagement Post,IG+WA,08:00 PM,Revenue Growth,Local Identity (स्थानीय पहचान),,⬜ Pending,
81,26-08-2026,Wed,W12,मानसून + फसल सुरक्षा,Reel,Scheme Bomb,Scheme Bomb: Dragon Fruit,Static Poster,YT+IG,07:30 AM,App Download,Authority (अधिकार),,⬜ Pending,
82,27-08-2026,Thu,W12,मानसून + फसल सुरक्षा,Reel,Scheme Bomb,Scheme Bomb: स्ट्रॉबेरी,Story,IG+FB+WA,09:30 AM,Farmer Registration,Authority (अधिकार),,⬜ Pending,
83,28-08-2026,Fri,W12,मानसून + फसल सुरक्षा,Reel,Scheme Bomb,Scheme Bomb: मशरूम,WhatsApp Broadcast,IG Story+WA,07:00 PM,Marketplace Listing,Authority (अधिकार),,⬜ Pending,
84,29-08-2026,Sat,W12,मानसून + फसल सुरक्षा,Reel,Scheme Bomb,Scheme Bomb: सब्ज़ी,Infographic,YT+IG+FB,12:00 PM,Buyer-Seller Connect,Authority (अधिकार),,⬜ Pending,
85,30-08-2026,Sun,W13,मानसून + फसल सुरक्षा,Reel,Jugaad Hack,Jugaad Hack: भिंडी,Carousel,IG+YT Short+WA,08:30 PM,WhatsApp Growth,Curiosity (जिज्ञासा),,⬜ Pending,
86,31-08-2026,Mon,W13,मानसून + फसल सुरक्षा,Reel,Jugaad Hack,Jugaad Hack: बैंगन,Story,IG+FB,05:00 PM,Brand Authority,Curiosity (जिज्ञासा),,⬜ Pending,
87,01-09-2026,Tue,W13,खरीफ बिक्री,Reel,Before / After,Before / After: फूलगोभी,Engagement Post,IG+WA,08:00 PM,Farmer Retention,Urgency (तात्कालिकता),,⬜ Pending,
88,02-09-2026,Wed,W13,खरीफ बिक्री,Reel,Before / After,Before / After: मटर,Static Poster,YT+IG,07:30 AM,Revenue Growth,Urgency (तात्कालिकता),,⬜ Pending,
89,03-09-2026,Thu,W13,खरीफ बिक्री,Reel,Mahila Kisan,Mahila Kisan: अरहर,Story,IG+FB+WA,09:30 AM,App Download,Community (समुदाय),,⬜ Pending,
90,04-09-2026,Fri,W13,खरीफ बिक्री,Reel,Mahila Kisan,Mahila Kisan: मूंगफली,WhatsApp Broadcast,IG Story+WA,07:00 PM,Farmer Registration,Community (समुदाय),,⬜ Pending,
91,05-09-2026,Sat,W13,खरीफ बिक्री,Reel,Mahila Kisan,Mahila Kisan: गेहूं,Infographic,YT+IG+FB,12:00 PM,Marketplace Listing,Community (समुदाय),,⬜ Pending,
92,06-09-2026,Sun,W14,खरीफ बिक्री,Reel,Mahila Kisan,Mahila Kisan: धान,Carousel,IG+YT Short+WA,08:30 PM,Buyer-Seller Connect,Community (समुदाय),,⬜ Pending,
93,07-09-2026,Mon,W14,खरीफ बिक्री,Reel,Weather Emergency,Weather Emergency: मक्का,Story,IG+FB,05:00 PM,WhatsApp Growth,Fear (डर),,⬜ Pending,
94,08-09-2026,Tue,W14,खरीफ बिक्री,Reel,Weather Emergency,Weather Emergency: सोयाबीन,Engagement Post,IG+WA,08:00 PM,Brand Authority,Fear (डर),,⬜ Pending,
95,09-09-2026,Wed,W14,खरीफ बिक्री,Reel,Weather Emergency,Weather Emergency: कपास,Static Poster,YT+IG,07:30 AM,Farmer Retention,Fear (डर),,⬜ Pending,
96,10-09-2026,Thu,W14,खरीफ बिक्री,Reel,Weather Emergency,Weather Emergency: गन्ना,Story,IG+FB+WA,09:30 AM,Revenue Growth,Fear (डर),,⬜ Pending,
97,11-09-2026,Fri,W14,खरीफ बिक्री,Reel,Myth Buster,Myth Buster: टमाटर,WhatsApp Broadcast,IG Story+WA,07:00 PM,App Download,Profit (मुनाफा),,⬜ Pending,
98,12-09-2026,Sat,W14,खरीफ बिक्री,Reel,Profit Calculator,Profit Calculator: प्याज,Infographic,YT+IG+FB,12:00 PM,Farmer Registration,Loss Avoidance (नुकसान से बचाव),,⬜ Pending,
99,13-09-2026,Sun,W15,खरीफ बिक्री,Reel,Profit Calculator,Profit Calculator: आलू,Carousel,IG+YT Short+WA,08:30 PM,Marketplace Listing,Loss Avoidance (नुकसान से बचाव),,⬜ Pending,
100,14-09-2026,Mon,W15,खरीफ बिक्री,Reel,Profit Calculator,Profit Calculator: मिर्च,Story,IG+FB,05:00 PM,Buyer-Seller Connect,Loss Avoidance (नुकसान से बचाव),,⬜ Pending,
101,15-09-2026,Tue,W15,खरीफ बिक्री,Reel,Profit Calculator,Profit Calculator: सरसों,Engagement Post,IG+WA,08:00 PM,WhatsApp Growth,Loss Avoidance (नुकसान से बचाव),,⬜ Pending,
102,16-09-2026,Wed,W15,खरीफ बिक्री,Reel,Field Interview,Field Interview: चना,Static Poster,YT+IG,07:30 AM,Brand Authority,Social Proof (सामाजिक प्रमाण),,⬜ Pending,
103,17-09-2026,Thu,W15,खरीफ बिक्री,Reel,Field Interview,Field Interview: मूंग,Story,IG+FB+WA,09:30 AM,Farmer Retention,Social Proof (सामाजिक प्रमाण),,⬜ Pending,
104,18-09-2026,Fri,W15,खरीफ बिक्री,Reel,Old vs New,Old vs New: बाजरा,WhatsApp Broadcast,IG Story+WA,07:00 PM,Revenue Growth,Local Identity (स्थानीय पहचान),,⬜ Pending,
105,19-09-2026,Sat,W15,खरीफ बिक्री,Reel,Old vs New,Old vs New: ज्वार,Infographic,YT+IG+FB,12:00 PM,App Download,Local Identity (स्थानीय पहचान),,⬜ Pending,
106,20-09-2026,Sun,W16,खरीफ बिक्री,Reel,Hidden Crop,Hidden Crop: हल्दी,Carousel,IG+YT Short+WA,08:30 PM,Farmer Registration,Authority (अधिकार),,⬜ Pending,
107,21-09-2026,Mon,W16,खरीफ बिक्री,Reel,Hidden Crop,Hidden Crop: अदरक,Story,IG+FB,05:00 PM,Marketplace Listing,Authority (अधिकार),,⬜ Pending,
108,22-09-2026,Tue,W16,खरीफ बिक्री,Reel,Hidden Crop,Hidden Crop: लहसुन,Engagement Post,IG+WA,08:00 PM,Buyer-Seller Connect,Authority (अधिकार),,⬜ Pending,
109,23-09-2026,Wed,W16,खरीफ बिक्री,Reel,Hidden Crop,Hidden Crop: केला,Static Poster,YT+IG,07:30 AM,WhatsApp Growth,Authority (अधिकार),,⬜ Pending,
110,24-09-2026,Thu,W16,खरीफ बिक्री,Reel,Tech Tutorial,Tech Tutorial: अनार,Story,IG+FB+WA,09:30 AM,Brand Authority,Curiosity (जिज्ञासा),,⬜ Pending,
111,25-09-2026,Fri,W16,खरीफ बिक्री,Reel,Tech Tutorial,Tech Tutorial: Dragon Fruit,WhatsApp Broadcast,IG Story+WA,07:00 PM,Farmer Retention,Curiosity (जिज्ञासा),,⬜ Pending,
112,26-09-2026,Sat,W16,खरीफ बिक्री,Reel,Tech Tutorial,Tech Tutorial: स्ट्रॉबेरी,Infographic,YT+IG+FB,12:00 PM,Revenue Growth,Curiosity (जिज्ञासा),,⬜ Pending,
113,27-09-2026,Sun,W17,खरीफ बिक्री,Reel,Tech Tutorial,Tech Tutorial: मशरूम,Carousel,IG+YT Short+WA,08:30 PM,App Download,Curiosity (जिज्ञासा),,⬜ Pending,
114,28-09-2026,Mon,W17,खरीफ बिक्री,Reel,Award / Recognition,Award / Recognition: सब्ज़ी,Story,IG+FB,05:00 PM,Farmer Registration,Urgency (तात्कालिकता),,⬜ Pending,
115,29-09-2026,Tue,W17,खरीफ बिक्री,Reel,Regional Language,Regional Language: भिंडी,Engagement Post,IG+WA,08:00 PM,Marketplace Listing,Community (समुदाय),,⬜ Pending,
116,30-09-2026,Wed,W17,खरीफ बिक्री,Reel,Regional Language,Regional Language: बैंगन,Static Poster,YT+IG,07:30 AM,Buyer-Seller Connect,Community (समुदाय),,⬜ Pending,
117,01-10-2026,Thu,W17,त्योहार + भाव,Reel,Regional Language,Regional Language: फूलगोभी,Story,IG+FB+WA,09:30 AM,WhatsApp Growth,Community (समुदाय),,⬜ Pending,
118,02-10-2026,Fri,W17,त्योहार + भाव,Reel,Regional Language,Regional Language: मटर,WhatsApp Broadcast,IG Story+WA,07:00 PM,Brand Authority,Community (समुदाय),गांधी जयंती,⬜ Pending,
119,03-10-2026,Sat,W17,त्योहार + भाव,Reel,Community Debate,Community Debate: अरहर,Infographic,YT+IG+FB,12:00 PM,Farmer Retention,Fear (डर),,⬜ Pending,
120,04-10-2026,Sun,W18,त्योहार + भाव,Reel,Community Debate,Community Debate: मूंगफली,Carousel,IG+YT Short+WA,08:30 PM,Revenue Growth,Fear (डर),,⬜ Pending,
121,05-10-2026,Mon,W18,त्योहार + भाव,Reel,Seasonal Countdown,Seasonal Countdown: गेहूं,Story,IG+FB,05:00 PM,App Download,Profit (मुनाफा),,⬜ Pending,
122,06-10-2026,Tue,W18,त्योहार + भाव,Reel,Seasonal Countdown,Seasonal Countdown: धान,Engagement Post,IG+WA,08:00 PM,Farmer Registration,Profit (मुनाफा),,⬜ Pending,
123,07-10-2026,Wed,W18,त्योहार + भाव,Reel,Seasonal Countdown,Seasonal Countdown: मक्का,Static Poster,YT+IG,07:30 AM,Marketplace Listing,Profit (मुनाफा),,⬜ Pending,
124,08-10-2026,Thu,W18,त्योहार + भाव,Reel,Seasonal Countdown,Seasonal Countdown: सोयाबीन,Story,IG+FB+WA,09:30 AM,Buyer-Seller Connect,Profit (मुनाफा),,⬜ Pending,
125,09-10-2026,Fri,W18,त्योहार + भाव,Reel,Profit Reveal,Profit Reveal: कपास,WhatsApp Broadcast,IG Story+WA,07:00 PM,WhatsApp Growth,Fear (डर),,⬜ Pending,
126,10-10-2026,Sat,W18,त्योहार + भाव,Reel,Profit Reveal,Profit Reveal: गन्ना,Infographic,YT+IG+FB,12:00 PM,Brand Authority,Fear (डर),,⬜ Pending,
127,11-10-2026,Sun,W19,त्योहार + भाव,Reel,Profit Reveal,Profit Reveal: टमाटर,Carousel,IG+YT Short+WA,08:30 PM,Farmer Retention,Fear (डर),,⬜ Pending,
128,12-10-2026,Mon,W19,त्योहार + भाव,Reel,Profit Reveal,Profit Reveal: प्याज,Story,IG+FB,05:00 PM,Revenue Growth,Fear (डर),,⬜ Pending,
129,13-10-2026,Tue,W19,त्योहार + भाव,Reel,Mandi Shock,Mandi Shock: आलू,Engagement Post,IG+WA,08:00 PM,App Download,Profit (मुनाफा),,⬜ Pending,
130,14-10-2026,Wed,W19,त्योहार + भाव,Reel,Mandi Shock,Mandi Shock: मिर्च,Static Poster,YT+IG,07:30 AM,Farmer Registration,Profit (मुनाफा),,⬜ Pending,
131,15-10-2026,Thu,W19,त्योहार + भाव,Reel,Mandi Shock,Mandi Shock: सरसों,Story,IG+FB+WA,09:30 AM,Marketplace Listing,Profit (मुनाफा),,⬜ Pending,
132,16-10-2026,Fri,W19,त्योहार + भाव,Reel,Mandi Shock,Mandi Shock: चना,WhatsApp Broadcast,IG Story+WA,07:00 PM,Buyer-Seller Connect,Profit (मुनाफा),,⬜ Pending,
133,17-10-2026,Sat,W19,त्योहार + भाव,Reel,Crop Emergency Alert,Crop Emergency Alert: मूंग,Infographic,YT+IG+FB,12:00 PM,WhatsApp Growth,Loss Avoidance (नुकसान से बचाव),,⬜ Pending,
134,18-10-2026,Sun,W20,त्योहार + भाव,Reel,Crop Emergency Alert,Crop Emergency Alert: बाजरा,Carousel,IG+YT Short+WA,08:30 PM,Brand Authority,Loss Avoidance (नुकसान से बचाव),,⬜ Pending,
135,19-10-2026,Mon,W20,त्योहार + भाव,Reel,Crop Emergency Alert,Crop Emergency Alert: ज्वार,Story,IG+FB,05:00 PM,Farmer Retention,Loss Avoidance (नुकसान से बचाव),,⬜ Pending,
136,20-10-2026,Tue,W20,त्योहार + भाव,Reel,Crop Emergency Alert,Crop Emergency Alert: हल्दी,Engagement Post,IG+WA,08:00 PM,Revenue Growth,Loss Avoidance (नुकसान से बचाव),,⬜ Pending,
137,21-10-2026,Wed,W20,त्योहार + भाव,Reel,Farmer Success Story,Farmer Success Story: अदरक,Static Poster,YT+IG,07:30 AM,App Download,Social Proof (सामाजिक प्रमाण),,⬜ Pending,
138,22-10-2026,Thu,W20,त्योहार + भाव,Reel,Farmer Success Story,Farmer Success Story: लहसुन,Story,IG+FB+WA,09:30 AM,Farmer Registration,Social Proof (सामाजिक प्रमाण),,⬜ Pending,
139,23-10-2026,Fri,W20,त्योहार + भाव,Reel,Farmer Success Story,Farmer Success Story: केला,WhatsApp Broadcast,IG Story+WA,07:00 PM,Marketplace Listing,Social Proof (सामाजिक प्रमाण),,⬜ Pending,
140,24-10-2026,Sat,W20,त्योहार + भाव,Reel,Farmer Success Story,Farmer Success Story: अनार,Infographic,YT+IG+FB,12:00 PM,Buyer-Seller Connect,Social Proof (सामाजिक प्रमाण),,⬜ Pending,
141,25-10-2026,Sun,W21,त्योहार + भाव,Reel,Machinery Pride,Machinery Pride: Dragon Fruit,Carousel,IG+YT Short+WA,08:30 PM,WhatsApp Growth,Local Identity (स्थानीय पहचान),,⬜ Pending,
142,26-10-2026,Mon,W21,त्योहार + भाव,Reel,Machinery Pride,Machinery Pride: स्ट्रॉबेरी,Story,IG+FB,05:00 PM,Brand Authority,Local Identity (स्थानीय पहचान),,⬜ Pending,
143,27-10-2026,Tue,W21,त्योहार + भाव,Reel,Scheme Bomb,Scheme Bomb: मशरूम,Engagement Post,IG+WA,08:00 PM,Farmer Retention,Authority (अधिकार),,⬜ Pending,
144,28-10-2026,Wed,W21,त्योहार + भाव,Reel,Scheme Bomb,Scheme Bomb: सब्ज़ी,Static Poster,YT+IG,07:30 AM,Revenue Growth,Authority (अधिकार),,⬜ Pending,
145,29-10-2026,Thu,W21,त्योहार + भाव,Reel,Scheme Bomb,Scheme Bomb: भिंडी,Story,IG+FB+WA,09:30 AM,App Download,Authority (अधिकार),,⬜ Pending,
146,30-10-2026,Fri,W21,त्योहार + भाव,Reel,Scheme Bomb,Scheme Bomb: बैंगन,WhatsApp Broadcast,IG Story+WA,07:00 PM,Farmer Registration,Authority (अधिकार),,⬜ Pending,
147,31-10-2026,Sat,W21,त्योहार + भाव,Reel,Jugaad Hack,Jugaad Hack: फूलगोभी,Infographic,YT+IG+FB,12:00 PM,Marketplace Listing,Curiosity (जिज्ञासा),,⬜ Pending,
148,01-11-2026,Sun,W22,रबी बुवाई,Reel,Jugaad Hack,Jugaad Hack: मटर,Carousel,IG+YT Short+WA,08:30 PM,Buyer-Seller Connect,Curiosity (जिज्ञासा),दिवाली सीज़न,⬜ Pending,
149,02-11-2026,Mon,W22,रबी बुवाई,Reel,Before / After,Before / After: अरहर,Story,IG+FB,05:00 PM,WhatsApp Growth,Urgency (तात्कालिकता),,⬜ Pending,
150,03-11-2026,Tue,W22,रबी बुवाई,Reel,Before / After,Before / After: मूंगफली,Engagement Post,IG+WA,08:00 PM,Brand Authority,Urgency (तात्कालिकता),,⬜ Pending,
151,04-11-2026,Wed,W22,रबी बुवाई,Reel,Mahila Kisan,Mahila Kisan: गेहूं,Static Poster,YT+IG,07:30 AM,Farmer Retention,Community (समुदाय),,⬜ Pending,
152,05-11-2026,Thu,W22,रबी बुवाई,Reel,Mahila Kisan,Mahila Kisan: धान,Story,IG+FB+WA,09:30 AM,Revenue Growth,Community (समुदाय),,⬜ Pending,
153,06-11-2026,Fri,W22,रबी बुवाई,Reel,Mahila Kisan,Mahila Kisan: मक्का,WhatsApp Broadcast,IG Story+WA,07:00 PM,App Download,Community (समुदाय),,⬜ Pending,
154,07-11-2026,Sat,W22,रबी बुवाई,Reel,Mahila Kisan,Mahila Kisan: सोयाबीन,Infographic,YT+IG+FB,12:00 PM,Farmer Registration,Community (समुदाय),,⬜ Pending,
155,08-11-2026,Sun,W23,रबी बुवाई,Reel,Weather Emergency,Weather Emergency: कपास,Carousel,IG+YT Short+WA,08:30 PM,Marketplace Listing,Fear (डर),,⬜ Pending,
156,09-11-2026,Mon,W23,रबी बुवाई,Reel,Weather Emergency,Weather Emergency: गन्ना,Story,IG+FB,05:00 PM,Buyer-Seller Connect,Fear (डर),,⬜ Pending,
157,10-11-2026,Tue,W23,रबी बुवाई,Reel,Weather Emergency,Weather Emergency: टमाटर,Engagement Post,IG+WA,08:00 PM,WhatsApp Growth,Fear (डर),,⬜ Pending,
158,11-11-2026,Wed,W23,रबी बुवाई,Reel,Weather Emergency,Weather Emergency: प्याज,Static Poster,YT+IG,07:30 AM,Brand Authority,Fear (डर),,⬜ Pending,
159,12-11-2026,Thu,W23,रबी बुवाई,Reel,Myth Buster,Myth Buster: आलू,Story,IG+FB+WA,09:30 AM,Farmer Retention,Profit (मुनाफा),,⬜ Pending,
160,13-11-2026,Fri,W23,रबी बुवाई,Reel,Profit Calculator,Profit Calculator: मिर्च,WhatsApp Broadcast,IG Story+WA,07:00 PM,Revenue Growth,Loss Avoidance (नुकसान से बचाव),,⬜ Pending,
161,14-11-2026,Sat,W23,रबी बुवाई,Reel,Profit Calculator,Profit Calculator: सरसों,Infographic,YT+IG+FB,12:00 PM,App Download,Loss Avoidance (नुकसान से बचाव),,⬜ Pending,
162,15-11-2026,Sun,W24,रबी बुवाई,Reel,Profit Calculator,Profit Calculator: चना,Carousel,IG+YT Short+WA,08:30 PM,Farmer Registration,Loss Avoidance (नुकसान से बचाव),,⬜ Pending,
163,16-11-2026,Mon,W24,रबी बुवाई,Reel,Profit Calculator,Profit Calculator: मूंग,Story,IG+FB,05:00 PM,Marketplace Listing,Loss Avoidance (नुकसान से बचाव),,⬜ Pending,
164,17-11-2026,Tue,W24,रबी बुवाई,Reel,Field Interview,Field Interview: बाजरा,Engagement Post,IG+WA,08:00 PM,Buyer-Seller Connect,Social Proof (सामाजिक प्रमाण),,⬜ Pending,
165,18-11-2026,Wed,W24,रबी बुवाई,Reel,Field Interview,Field Interview: ज्वार,Static Poster,YT+IG,07:30 AM,WhatsApp Growth,Social Proof (सामाजिक प्रमाण),,⬜ Pending,
166,19-11-2026,Thu,W24,रबी बुवाई,Reel,Old vs New,Old vs New: हल्दी,Story,IG+FB+WA,09:30 AM,Brand Authority,Local Identity (स्थानीय पहचान),,⬜ Pending,
167,20-11-2026,Fri,W24,रबी बुवाई,Reel,Old vs New,Old vs New: अदरक,WhatsApp Broadcast,IG Story+WA,07:00 PM,Farmer Retention,Local Identity (स्थानीय पहचान),,⬜ Pending,
168,21-11-2026,Sat,W24,रबी बुवाई,Reel,Hidden Crop,Hidden Crop: लहसुन,Infographic,YT+IG+FB,12:00 PM,Revenue Growth,Authority (अधिकार),,⬜ Pending,
169,22-11-2026,Sun,W25,रबी बुवाई,Reel,Hidden Crop,Hidden Crop: केला,Carousel,IG+YT Short+WA,08:30 PM,App Download,Authority (अधिकार),,⬜ Pending,
170,23-11-2026,Mon,W25,रबी बुवाई,Reel,Hidden Crop,Hidden Crop: अनार,Story,IG+FB,05:00 PM,Farmer Registration,Authority (अधिकार),,⬜ Pending,
171,24-11-2026,Tue,W25,रबी बुवाई,Reel,Hidden Crop,Hidden Crop: Dragon Fruit,Engagement Post,IG+WA,08:00 PM,Marketplace Listing,Authority (अधिकार),,⬜ Pending,
172,25-11-2026,Wed,W25,रबी बुवाई,Reel,Tech Tutorial,Tech Tutorial: स्ट्रॉबेरी,Static Poster,YT+IG,07:30 AM,Buyer-Seller Connect,Curiosity (जिज्ञासा),,⬜ Pending,
173,26-11-2026,Thu,W25,रबी बुवाई,Reel,Tech Tutorial,Tech Tutorial: मशरूम,Story,IG+FB+WA,09:30 AM,WhatsApp Growth,Curiosity (जिज्ञासा),,⬜ Pending,
174,27-11-2026,Fri,W25,रबी बुवाई,Reel,Tech Tutorial,Tech Tutorial: सब्ज़ी,WhatsApp Broadcast,IG Story+WA,07:00 PM,Brand Authority,Curiosity (जिज्ञासा),,⬜ Pending,
175,28-11-2026,Sat,W25,रबी बुवाई,Reel,Tech Tutorial,Tech Tutorial: भिंडी,Infographic,YT+IG+FB,12:00 PM,Farmer Retention,Curiosity (जिज्ञासा),,⬜ Pending,
176,29-11-2026,Sun,W26,रबी बुवाई,Reel,Award / Recognition,Award / Recognition: बैंगन,Carousel,IG+YT Short+WA,08:30 PM,Revenue Growth,Urgency (तात्कालिकता),,⬜ Pending,
177,30-11-2026,Mon,W26,रबी बुवाई,Reel,Regional Language,Regional Language: फूलगोभी,Story,IG+FB,05:00 PM,App Download,Community (समुदाय),,⬜ Pending,
178,01-12-2026,Tue,W26,साल का अंत + सफलता कहानियाँ,Reel,Regional Language,Regional Language: मटर,Engagement Post,IG+WA,08:00 PM,Farmer Registration,Community (समुदाय),,⬜ Pending,
179,02-12-2026,Wed,W26,साल का अंत + सफलता कहानियाँ,Reel,Regional Language,Regional Language: अरहर,Static Poster,YT+IG,07:30 AM,Marketplace Listing,Community (समुदाय),,⬜ Pending,
180,03-12-2026,Thu,W26,साल का अंत + सफलता कहानियाँ,Reel,Regional Language,Regional Language: मूंगफली,Story,IG+FB+WA,09:30 AM,Buyer-Seller Connect,Community (समुदाय),,⬜ Pending,
181,04-12-2026,Fri,W26,साल का अंत + सफलता कहानियाँ,Reel,Community Debate,Community Debate: गेहूं,WhatsApp Broadcast,IG Story+WA,07:00 PM,WhatsApp Growth,Fear (डर),,⬜ Pending,
182,05-12-2026,Sat,W26,साल का अंत + सफलता कहानियाँ,Reel,Community Debate,Community Debate: धान,Infographic,YT+IG+FB,12:00 PM,Brand Authority,Fear (डर),,⬜ Pending,
183,06-12-2026,Sun,W27,साल का अंत + सफलता कहानियाँ,Reel,Seasonal Countdown,Seasonal Countdown: मक्का,Carousel,IG+YT Short+WA,08:30 PM,Farmer Retention,Profit (मुनाफा),,⬜ Pending,
184,07-12-2026,Mon,W27,साल का अंत + सफलता कहानियाँ,Reel,Seasonal Countdown,Seasonal Countdown: सोयाबीन,Story,IG+FB,05:00 PM,Revenue Growth,Profit (मुनाफा),,⬜ Pending,
185,08-12-2026,Tue,W27,साल का अंत + सफलता कहानियाँ,Reel,Seasonal Countdown,Seasonal Countdown: कपास,Engagement Post,IG+WA,08:00 PM,App Download,Profit (मुनाफा),,⬜ Pending,
186,09-12-2026,Wed,W27,साल का अंत + सफलता कहानियाँ,Reel,Seasonal Countdown,Seasonal Countdown: गन्ना,Static Poster,YT+IG,07:30 AM,Farmer Registration,Profit (मुनाफा),,⬜ Pending,
187,10-12-2026,Thu,W27,साल का अंत + सफलता कहानियाँ,Reel,Profit Reveal,Profit Reveal: टमाटर,Story,IG+FB+WA,09:30 AM,Marketplace Listing,Fear (डर),,⬜ Pending,
188,11-12-2026,Fri,W27,साल का अंत + सफलता कहानियाँ,Reel,Profit Reveal,Profit Reveal: प्याज,WhatsApp Broadcast,IG Story+WA,07:00 PM,Buyer-Seller Connect,Fear (डर),,⬜ Pending,
189,12-12-2026,Sat,W27,साल का अंत + सफलता कहानियाँ,Reel,Profit Reveal,Profit Reveal: आलू,Infographic,YT+IG+FB,12:00 PM,WhatsApp Growth,Fear (डर),,⬜ Pending,
190,13-12-2026,Sun,W28,साल का अंत + सफलता कहानियाँ,Reel,Profit Reveal,Profit Reveal: मिर्च,Carousel,IG+YT Short+WA,08:30 PM,Brand Authority,Fear (डर),,⬜ Pending,
191,14-12-2026,Mon,W28,साल का अंत + सफलता कहानियाँ,Reel,Mandi Shock,Mandi Shock: सरसों,Story,IG+FB,05:00 PM,Farmer Retention,Profit (मुनाफा),,⬜ Pending,
192,15-12-2026,Tue,W28,साल का अंत + सफलता कहानियाँ,Reel,Mandi Shock,Mandi Shock: चना,Engagement Post,IG+WA,08:00 PM,Revenue Growth,Profit (मुनाफा),,⬜ Pending,
193,16-12-2026,Wed,W28,साल का अंत + सफलता कहानियाँ,Reel,Mandi Shock,Mandi Shock: मूंग,Static Poster,YT+IG,07:30 AM,App Download,Profit (मुनाफा),,⬜ Pending,
194,17-12-2026,Thu,W28,साल का अंत + सफलता कहानियाँ,Reel,Mandi Shock,Mandi Shock: बाजरा,Story,IG+FB+WA,09:30 AM,Farmer Registration,Profit (मुनाफा),,⬜ Pending,
195,18-12-2026,Fri,W28,साल का अंत + सफलता कहानियाँ,Reel,Crop Emergency Alert,Crop Emergency Alert: ज्वार,WhatsApp Broadcast,IG Story+WA,07:00 PM,Marketplace Listing,Loss Avoidance (नुकसान से बचाव),,⬜ Pending,
196,19-12-2026,Sat,W28,साल का अंत + सफलता कहानियाँ,Reel,Crop Emergency Alert,Crop Emergency Alert: हल्दी,Infographic,YT+IG+FB,12:00 PM,Buyer-Seller Connect,Loss Avoidance (नुकसान से बचाव),,⬜ Pending,
197,20-12-2026,Sun,W29,साल का अंत + सफलता कहानियाँ,Reel,Crop Emergency Alert,Crop Emergency Alert: अदरक,Carousel,IG+YT Short+WA,08:30 PM,WhatsApp Growth,Loss Avoidance (नुकसान से बचाव),,⬜ Pending,
198,21-12-2026,Mon,W29,साल का अंत + सफलता कहानियाँ,Reel,Crop Emergency Alert,Crop Emergency Alert: लहसुन,Story,IG+FB,05:00 PM,Brand Authority,Loss Avoidance (नुकसान से बचाव),,⬜ Pending,
199,22-12-2026,Tue,W29,साल का अंत + सफलता कहानियाँ,Reel,Farmer Success Story,Farmer Success Story: केला,Engagement Post,IG+WA,08:00 PM,Farmer Retention,Social Proof (सामाजिक प्रमाण),,⬜ Pending,
200,23-12-2026,Wed,W29,साल का अंत + सफलता कहानियाँ,Reel,Farmer Success Story,Farmer Success Story: अनार,Static Poster,YT+IG,07:30 AM,Revenue Growth,Social Proof (सामाजिक प्रमाण),किसान दिवस,⬜ Pending,
201,24-12-2026,Thu,W29,साल का अंत + सफलता कहानियाँ,Reel,Farmer Success Story,Farmer Success Story: Dragon Fruit,Story,IG+FB+WA,09:30 AM,App Download,Social Proof (सामाजिक प्रमाण),,⬜ Pending,
202,25-12-2026,Fri,W29,साल का अंत + सफलता कहानियाँ,Reel,Farmer Success Story,Farmer Success Story: स्ट्रॉबेरी,WhatsApp Broadcast,IG Story+WA,07:00 PM,Farmer Registration,Social Proof (सामाजिक प्रमाण),,⬜ Pending,
203,26-12-2026,Sat,W29,साल का अंत + सफलता कहानियाँ,Reel,Machinery Pride,Machinery Pride: मशरूम,Infographic,YT+IG+FB,12:00 PM,Marketplace Listing,Local Identity (स्थानीय पहचान),,⬜ Pending,
204,27-12-2026,Sun,W30,साल का अंत + सफलता कहानियाँ,Reel,Machinery Pride,Machinery Pride: सब्ज़ी,Carousel,IG+YT Short+WA,08:30 PM,Buyer-Seller Connect,Local Identity (स्थानीय पहचान),,⬜ Pending,
205,28-12-2026,Mon,W30,साल का अंत + सफलता कहानियाँ,Reel,Scheme Bomb,Scheme Bomb: भिंडी,Story,IG+FB,05:00 PM,WhatsApp Growth,Authority (अधिकार),,⬜ Pending,
206,29-12-2026,Tue,W30,साल का अंत + सफलता कहानियाँ,Reel,Scheme Bomb,Scheme Bomb: बैंगन,Engagement Post,IG+WA,08:00 PM,Brand Authority,Authority (अधिकार),,⬜ Pending,
207,30-12-2026,Wed,W30,साल का अंत + सफलता कहानियाँ,Reel,Scheme Bomb,Scheme Bomb: फूलगोभी,Static Poster,YT+IG,07:30 AM,Farmer Retention,Authority (अधिकार),,⬜ Pending,
208,31-12-2026,Thu,W30,साल का अंत + सफलता कहानियाँ,Reel,Scheme Bomb,Scheme Bomb: मटर,Story,IG+FB+WA,09:30 AM,Revenue Growth,Authority (अधिकार),,⬜ Pending,
209,01-01-2027,Fri,W30,नई शुरुआत + schemes,Reel,Jugaad Hack,Jugaad Hack: अरहर,WhatsApp Broadcast,IG Story+WA,07:00 PM,App Download,Curiosity (जिज्ञासा),,⬜ Pending,
210,02-01-2027,Sat,W30,नई शुरुआत + schemes,Reel,Jugaad Hack,Jugaad Hack: मूंगफली,Infographic,YT+IG+FB,12:00 PM,Farmer Registration,Curiosity (जिज्ञासा),,⬜ Pending,
211,03-01-2027,Sun,W31,नई शुरुआत + schemes,Reel,Before / After,Before / After: गेहूं,Carousel,IG+YT Short+WA,08:30 PM,Marketplace Listing,Urgency (तात्कालिकता),,⬜ Pending,
212,04-01-2027,Mon,W31,नई शुरुआत + schemes,Reel,Before / After,Before / After: धान,Story,IG+FB,05:00 PM,Buyer-Seller Connect,Urgency (तात्कालिकता),,⬜ Pending,
213,05-01-2027,Tue,W31,नई शुरुआत + schemes,Reel,Mahila Kisan,Mahila Kisan: मक्का,Engagement Post,IG+WA,08:00 PM,WhatsApp Growth,Community (समुदाय),,⬜ Pending,
214,06-01-2027,Wed,W31,नई शुरुआत + schemes,Reel,Mahila Kisan,Mahila Kisan: सोयाबीन,Static Poster,YT+IG,07:30 AM,Brand Authority,Community (समुदाय),,⬜ Pending,
215,07-01-2027,Thu,W31,नई शुरुआत + schemes,Reel,Mahila Kisan,Mahila Kisan: कपास,Story,IG+FB+WA,09:30 AM,Farmer Retention,Community (समुदाय),,⬜ Pending,
216,08-01-2027,Fri,W31,नई शुरुआत + schemes,Reel,Mahila Kisan,Mahila Kisan: गन्ना,WhatsApp Broadcast,IG Story+WA,07:00 PM,Revenue Growth,Community (समुदाय),,⬜ Pending,
217,09-01-2027,Sat,W31,नई शुरुआत + schemes,Reel,Weather Emergency,Weather Emergency: टमाटर,Infographic,YT+IG+FB,12:00 PM,App Download,Fear (डर),,⬜ Pending,
218,10-01-2027,Sun,W32,नई शुरुआत + schemes,Reel,Weather Emergency,Weather Emergency: प्याज,Carousel,IG+YT Short+WA,08:30 PM,Farmer Registration,Fear (डर),,⬜ Pending,
219,11-01-2027,Mon,W32,नई शुरुआत + schemes,Reel,Weather Emergency,Weather Emergency: आलू,Story,IG+FB,05:00 PM,Marketplace Listing,Fear (डर),,⬜ Pending,
220,12-01-2027,Tue,W32,नई शुरुआत + schemes,Reel,Weather Emergency,Weather Emergency: मिर्च,Engagement Post,IG+WA,08:00 PM,Buyer-Seller Connect,Fear (डर),,⬜ Pending,
221,13-01-2027,Wed,W32,नई शुरुआत + schemes,Reel,Myth Buster,Myth Buster: सरसों,Static Poster,YT+IG,07:30 AM,WhatsApp Growth,Profit (मुनाफा),,⬜ Pending,
222,14-01-2027,Thu,W32,नई शुरुआत + schemes,Reel,Profit Calculator,Profit Calculator: चना,Story,IG+FB+WA,09:30 AM,Brand Authority,Loss Avoidance (नुकसान से बचाव),मकर संक्रांति/पोंगल,⬜ Pending,
223,15-01-2027,Fri,W32,नई शुरुआत + schemes,Reel,Profit Calculator,Profit Calculator: मूंग,WhatsApp Broadcast,IG Story+WA,07:00 PM,Farmer Retention,Loss Avoidance (नुकसान से बचाव),,⬜ Pending,
224,16-01-2027,Sat,W32,नई शुरुआत + schemes,Reel,Profit Calculator,Profit Calculator: बाजरा,Infographic,YT+IG+FB,12:00 PM,Revenue Growth,Loss Avoidance (नुकसान से बचाव),,⬜ Pending,
225,17-01-2027,Sun,W33,नई शुरुआत + schemes,Reel,Profit Calculator,Profit Calculator: ज्वार,Carousel,IG+YT Short+WA,08:30 PM,App Download,Loss Avoidance (नुकसान से बचाव),,⬜ Pending,
226,18-01-2027,Mon,W33,नई शुरुआत + schemes,Reel,Field Interview,Field Interview: हल्दी,Story,IG+FB,05:00 PM,Farmer Registration,Social Proof (सामाजिक प्रमाण),,⬜ Pending,
227,19-01-2027,Tue,W33,नई शुरुआत + schemes,Reel,Field Interview,Field Interview: अदरक,Engagement Post,IG+WA,08:00 PM,Marketplace Listing,Social Proof (सामाजिक प्रमाण),,⬜ Pending,
228,20-01-2027,Wed,W33,नई शुरुआत + schemes,Reel,Old vs New,Old vs New: लहसुन,Static Poster,YT+IG,07:30 AM,Buyer-Seller Connect,Local Identity (स्थानीय पहचान),,⬜ Pending,
229,21-01-2027,Thu,W33,नई शुरुआत + schemes,Reel,Old vs New,Old vs New: केला,Story,IG+FB+WA,09:30 AM,WhatsApp Growth,Local Identity (स्थानीय पहचान),,⬜ Pending,
230,22-01-2027,Fri,W33,नई शुरुआत + schemes,Reel,Hidden Crop,Hidden Crop: अनार,WhatsApp Broadcast,IG Story+WA,07:00 PM,Brand Authority,Authority (अधिकार),,⬜ Pending,
231,23-01-2027,Sat,W33,नई शुरुआत + schemes,Reel,Hidden Crop,Hidden Crop: Dragon Fruit,Infographic,YT+IG+FB,12:00 PM,Farmer Retention,Authority (अधिकार),,⬜ Pending,
232,24-01-2027,Sun,W34,नई शुरुआत + schemes,Reel,Hidden Crop,Hidden Crop: स्ट्रॉबेरी,Carousel,IG+YT Short+WA,08:30 PM,Revenue Growth,Authority (अधिकार),,⬜ Pending,
233,25-01-2027,Mon,W34,नई शुरुआत + schemes,Reel,Hidden Crop,Hidden Crop: मशरूम,Story,IG+FB,05:00 PM,App Download,Authority (अधिकार),,⬜ Pending,
234,26-01-2027,Tue,W34,नई शुरुआत + schemes,Reel,Tech Tutorial,Tech Tutorial: सब्ज़ी,Engagement Post,IG+WA,08:00 PM,Farmer Registration,Curiosity (जिज्ञासा),,⬜ Pending,
235,27-01-2027,Wed,W34,नई शुरुआत + schemes,Reel,Tech Tutorial,Tech Tutorial: भिंडी,Static Poster,YT+IG,07:30 AM,Marketplace Listing,Curiosity (जिज्ञासा),,⬜ Pending,
236,28-01-2027,Thu,W34,नई शुरुआत + schemes,Reel,Tech Tutorial,Tech Tutorial: बैंगन,Story,IG+FB+WA,09:30 AM,Buyer-Seller Connect,Curiosity (जिज्ञासा),,⬜ Pending,
237,29-01-2027,Fri,W34,नई शुरुआत + schemes,Reel,Tech Tutorial,Tech Tutorial: फूलगोभी,WhatsApp Broadcast,IG Story+WA,07:00 PM,WhatsApp Growth,Curiosity (जिज्ञासा),,⬜ Pending,
238,30-01-2027,Sat,W34,नई शुरुआत + schemes,Reel,Award / Recognition,Award / Recognition: मटर,Infographic,YT+IG+FB,12:00 PM,Brand Authority,Urgency (तात्कालिकता),,⬜ Pending,
239,31-01-2027,Sun,W35,नई शुरुआत + schemes,Reel,Regional Language,Regional Language: अरहर,Carousel,IG+YT Short+WA,08:30 PM,Farmer Retention,Community (समुदाय),,⬜ Pending,
240,01-02-2027,Mon,W35,बजट + योजनाएँ,Reel,Regional Language,Regional Language: मूंगफली,Story,IG+FB,05:00 PM,Revenue Growth,Community (समुदाय),,⬜ Pending,
241,02-02-2027,Tue,W35,बजट + योजनाएँ,Reel,Regional Language,Regional Language: गेहूं,Engagement Post,IG+WA,08:00 PM,App Download,Community (समुदाय),,⬜ Pending,
242,03-02-2027,Wed,W35,बजट + योजनाएँ,Reel,Regional Language,Regional Language: धान,Static Poster,YT+IG,07:30 AM,Farmer Registration,Community (समुदाय),,⬜ Pending,
243,04-02-2027,Thu,W35,बजट + योजनाएँ,Reel,Community Debate,Community Debate: मक्का,Story,IG+FB+WA,09:30 AM,Marketplace Listing,Fear (डर),,⬜ Pending,
244,05-02-2027,Fri,W35,बजट + योजनाएँ,Reel,Community Debate,Community Debate: सोयाबीन,WhatsApp Broadcast,IG Story+WA,07:00 PM,Buyer-Seller Connect,Fear (डर),,⬜ Pending,
245,06-02-2027,Sat,W35,बजट + योजनाएँ,Reel,Seasonal Countdown,Seasonal Countdown: कपास,Infographic,YT+IG+FB,12:00 PM,WhatsApp Growth,Profit (मुनाफा),,⬜ Pending,
246,07-02-2027,Sun,W36,बजट + योजनाएँ,Reel,Seasonal Countdown,Seasonal Countdown: गन्ना,Carousel,IG+YT Short+WA,08:30 PM,Brand Authority,Profit (मुनाफा),,⬜ Pending,
247,08-02-2027,Mon,W36,बजट + योजनाएँ,Reel,Seasonal Countdown,Seasonal Countdown: टमाटर,Story,IG+FB,05:00 PM,Farmer Retention,Profit (मुनाफा),,⬜ Pending,
248,09-02-2027,Tue,W36,बजट + योजनाएँ,Reel,Seasonal Countdown,Seasonal Countdown: प्याज,Engagement Post,IG+WA,08:00 PM,Revenue Growth,Profit (मुनाफा),,⬜ Pending,
249,10-02-2027,Wed,W36,बजट + योजनाएँ,Reel,Profit Reveal,Profit Reveal: आलू,Static Poster,YT+IG,07:30 AM,App Download,Fear (डर),,⬜ Pending,
250,11-02-2027,Thu,W36,बजट + योजनाएँ,Reel,Profit Reveal,Profit Reveal: मिर्च,Story,IG+FB+WA,09:30 AM,Farmer Registration,Fear (डर),,⬜ Pending,
251,12-02-2027,Fri,W36,बजट + योजनाएँ,Reel,Profit Reveal,Profit Reveal: सरसों,WhatsApp Broadcast,IG Story+WA,07:00 PM,Marketplace Listing,Fear (डर),,⬜ Pending,
252,13-02-2027,Sat,W36,बजट + योजनाएँ,Reel,Profit Reveal,Profit Reveal: चना,Infographic,YT+IG+FB,12:00 PM,Buyer-Seller Connect,Fear (डर),,⬜ Pending,
253,14-02-2027,Sun,W37,बजट + योजनाएँ,Reel,Mandi Shock,Mandi Shock: मूंग,Carousel,IG+YT Short+WA,08:30 PM,WhatsApp Growth,Profit (मुनाफा),,⬜ Pending,
254,15-02-2027,Mon,W37,बजट + योजनाएँ,Reel,Mandi Shock,Mandi Shock: बाजरा,Story,IG+FB,05:00 PM,Brand Authority,Profit (मुनाफा),,⬜ Pending,
255,16-02-2027,Tue,W37,बजट + योजनाएँ,Reel,Mandi Shock,Mandi Shock: ज्वार,Engagement Post,IG+WA,08:00 PM,Farmer Retention,Profit (मुनाफा),,⬜ Pending,
256,17-02-2027,Wed,W37,बजट + योजनाएँ,Reel,Mandi Shock,Mandi Shock: हल्दी,Static Poster,YT+IG,07:30 AM,Revenue Growth,Profit (मुनाफा),,⬜ Pending,
257,18-02-2027,Thu,W37,बजट + योजनाएँ,Reel,Crop Emergency Alert,Crop Emergency Alert: अदरक,Story,IG+FB+WA,09:30 AM,App Download,Loss Avoidance (नुकसान से बचाव),,⬜ Pending,
258,19-02-2027,Fri,W37,बजट + योजनाएँ,Reel,Crop Emergency Alert,Crop Emergency Alert: लहसुन,WhatsApp Broadcast,IG Story+WA,07:00 PM,Farmer Registration,Loss Avoidance (नुकसान से बचाव),,⬜ Pending,
259,20-02-2027,Sat,W37,बजट + योजनाएँ,Reel,Crop Emergency Alert,Crop Emergency Alert: केला,Infographic,YT+IG+FB,12:00 PM,Marketplace Listing,Loss Avoidance (नुकसान से बचाव),,⬜ Pending,
260,21-02-2027,Sun,W38,बजट + योजनाएँ,Reel,Crop Emergency Alert,Crop Emergency Alert: अनार,Carousel,IG+YT Short+WA,08:30 PM,Buyer-Seller Connect,Loss Avoidance (नुकसान से बचाव),,⬜ Pending,
261,22-02-2027,Mon,W38,बजट + योजनाएँ,Reel,Farmer Success Story,Farmer Success Story: Dragon Fruit,Story,IG+FB,05:00 PM,WhatsApp Growth,Social Proof (सामाजिक प्रमाण),,⬜ Pending,
262,23-02-2027,Tue,W38,बजट + योजनाएँ,Reel,Farmer Success Story,Farmer Success Story: स्ट्रॉबेरी,Engagement Post,IG+WA,08:00 PM,Brand Authority,Social Proof (सामाजिक प्रमाण),,⬜ Pending,
263,24-02-2027,Wed,W38,बजट + योजनाएँ,Reel,Farmer Success Story,Farmer Success Story: मशरूम,Static Poster,YT+IG,07:30 AM,Farmer Retention,Social Proof (सामाजिक प्रमाण),,⬜ Pending,
264,25-02-2027,Thu,W38,बजट + योजनाएँ,Reel,Farmer Success Story,Farmer Success Story: सब्ज़ी,Story,IG+FB+WA,09:30 AM,Revenue Growth,Social Proof (सामाजिक प्रमाण),,⬜ Pending,
265,26-02-2027,Fri,W38,बजट + योजनाएँ,Reel,Machinery Pride,Machinery Pride: भिंडी,WhatsApp Broadcast,IG Story+WA,07:00 PM,App Download,Local Identity (स्थानीय पहचान),,⬜ Pending,
266,27-02-2027,Sat,W38,बजट + योजनाएँ,Reel,Machinery Pride,Machinery Pride: बैंगन,Infographic,YT+IG+FB,12:00 PM,Farmer Registration,Local Identity (स्थानीय पहचान),,⬜ Pending,
267,28-02-2027,Sun,W39,बजट + योजनाएँ,Reel,Scheme Bomb,Scheme Bomb: फूलगोभी,Carousel,IG+YT Short+WA,08:30 PM,Marketplace Listing,Authority (अधिकार),,⬜ Pending,
268,01-03-2027,Mon,W39,रबी कटाई + बिक्री,Reel,Scheme Bomb,Scheme Bomb: मटर,Story,IG+FB,05:00 PM,Buyer-Seller Connect,Authority (अधिकार),,⬜ Pending,
269,02-03-2027,Tue,W39,रबी कटाई + बिक्री,Reel,Scheme Bomb,Scheme Bomb: अरहर,Engagement Post,IG+WA,08:00 PM,WhatsApp Growth,Authority (अधिकार),,⬜ Pending,
270,03-03-2027,Wed,W39,रबी कटाई + बिक्री,Reel,Scheme Bomb,Scheme Bomb: मूंगफली,Static Poster,YT+IG,07:30 AM,Brand Authority,Authority (अधिकार),,⬜ Pending,
271,04-03-2027,Thu,W39,रबी कटाई + बिक्री,Reel,Jugaad Hack,Jugaad Hack: गेहूं,Story,IG+FB+WA,09:30 AM,Farmer Retention,Curiosity (जिज्ञासा),,⬜ Pending,
272,05-03-2027,Fri,W39,रबी कटाई + बिक्री,Reel,Jugaad Hack,Jugaad Hack: धान,WhatsApp Broadcast,IG Story+WA,07:00 PM,Revenue Growth,Curiosity (जिज्ञासा),,⬜ Pending,
273,06-03-2027,Sat,W39,रबी कटाई + बिक्री,Reel,Before / After,Before / After: मक्का,Infographic,YT+IG+FB,12:00 PM,App Download,Urgency (तात्कालिकता),,⬜ Pending,
274,07-03-2027,Sun,W40,रबी कटाई + बिक्री,Reel,Before / After,Before / After: सोयाबीन,Carousel,IG+YT Short+WA,08:30 PM,Farmer Registration,Urgency (तात्कालिकता),,⬜ Pending,
275,08-03-2027,Mon,W40,रबी कटाई + बिक्री,Reel,Mahila Kisan,Mahila Kisan: कपास,Story,IG+FB,05:00 PM,Marketplace Listing,Community (समुदाय),होली,⬜ Pending,
276,09-03-2027,Tue,W40,रबी कटाई + बिक्री,Reel,Mahila Kisan,Mahila Kisan: गन्ना,Engagement Post,IG+WA,08:00 PM,Buyer-Seller Connect,Community (समुदाय),,⬜ Pending,
277,10-03-2027,Wed,W40,रबी कटाई + बिक्री,Reel,Mahila Kisan,Mahila Kisan: टमाटर,Static Poster,YT+IG,07:30 AM,WhatsApp Growth,Community (समुदाय),,⬜ Pending,
278,11-03-2027,Thu,W40,रबी कटाई + बिक्री,Reel,Mahila Kisan,Mahila Kisan: प्याज,Story,IG+FB+WA,09:30 AM,Brand Authority,Community (समुदाय),,⬜ Pending,
279,12-03-2027,Fri,W40,रबी कटाई + बिक्री,Reel,Weather Emergency,Weather Emergency: आलू,WhatsApp Broadcast,IG Story+WA,07:00 PM,Farmer Retention,Fear (डर),,⬜ Pending,
280,13-03-2027,Sat,W40,रबी कटाई + बिक्री,Reel,Weather Emergency,Weather Emergency: मिर्च,Infographic,YT+IG+FB,12:00 PM,Revenue Growth,Fear (डर),,⬜ Pending,
281,14-03-2027,Sun,W41,रबी कटाई + बिक्री,Reel,Weather Emergency,Weather Emergency: सरसों,Carousel,IG+YT Short+WA,08:30 PM,App Download,Fear (डर),,⬜ Pending,
282,15-03-2027,Mon,W41,रबी कटाई + बिक्री,Reel,Weather Emergency,Weather Emergency: चना,Story,IG+FB,05:00 PM,Farmer Registration,Fear (डर),,⬜ Pending,
283,16-03-2027,Tue,W41,रबी कटाई + बिक्री,Reel,Myth Buster,Myth Buster: मूंग,Engagement Post,IG+WA,08:00 PM,Marketplace Listing,Profit (मुनाफा),,⬜ Pending,
284,17-03-2027,Wed,W41,रबी कटाई + बिक्री,Reel,Profit Calculator,Profit Calculator: बाजरा,Static Poster,YT+IG,07:30 AM,Buyer-Seller Connect,Loss Avoidance (नुकसान से बचाव),,⬜ Pending,
285,18-03-2027,Thu,W41,रबी कटाई + बिक्री,Reel,Profit Calculator,Profit Calculator: ज्वार,Story,IG+FB+WA,09:30 AM,WhatsApp Growth,Loss Avoidance (नुकसान से बचाव),,⬜ Pending,
286,19-03-2027,Fri,W41,रबी कटाई + बिक्री,Reel,Profit Calculator,Profit Calculator: हल्दी,WhatsApp Broadcast,IG Story+WA,07:00 PM,Brand Authority,Loss Avoidance (नुकसान से बचाव),,⬜ Pending,
287,20-03-2027,Sat,W41,रबी कटाई + बिक्री,Reel,Profit Calculator,Profit Calculator: अदरक,Infographic,YT+IG+FB,12:00 PM,Farmer Retention,Loss Avoidance (नुकसान से बचाव),,⬜ Pending,
288,21-03-2027,Sun,W42,रबी कटाई + बिक्री,Reel,Field Interview,Field Interview: लहसुन,Carousel,IG+YT Short+WA,08:30 PM,Revenue Growth,Social Proof (सामाजिक प्रमाण),,⬜ Pending,
289,22-03-2027,Mon,W42,रबी कटाई + बिक्री,Reel,Field Interview,Field Interview: केला,Story,IG+FB,05:00 PM,App Download,Social Proof (सामाजिक प्रमाण),,⬜ Pending,
290,23-03-2027,Tue,W42,रबी कटाई + बिक्री,Reel,Old vs New,Old vs New: अनार,Engagement Post,IG+WA,08:00 PM,Farmer Registration,Local Identity (स्थानीय पहचान),,⬜ Pending,
291,24-03-2027,Wed,W42,रबी कटाई + बिक्री,Reel,Old vs New,Old vs New: Dragon Fruit,Static Poster,YT+IG,07:30 AM,Marketplace Listing,Local Identity (स्थानीय पहचान),,⬜ Pending,
292,25-03-2027,Thu,W42,रबी कटाई + बिक्री,Reel,Hidden Crop,Hidden Crop: स्ट्रॉबेरी,Story,IG+FB+WA,09:30 AM,Buyer-Seller Connect,Authority (अधिकार),,⬜ Pending,
293,26-03-2027,Fri,W42,रबी कटाई + बिक्री,Reel,Hidden Crop,Hidden Crop: मशरूम,WhatsApp Broadcast,IG Story+WA,07:00 PM,WhatsApp Growth,Authority (अधिकार),,⬜ Pending,
294,27-03-2027,Sat,W42,रबी कटाई + बिक्री,Reel,Hidden Crop,Hidden Crop: सब्ज़ी,Infographic,YT+IG+FB,12:00 PM,Brand Authority,Authority (अधिकार),,⬜ Pending,
295,28-03-2027,Sun,W43,रबी कटाई + बिक्री,Reel,Hidden Crop,Hidden Crop: भिंडी,Carousel,IG+YT Short+WA,08:30 PM,Farmer Retention,Authority (अधिकार),,⬜ Pending,
296,29-03-2027,Mon,W43,रबी कटाई + बिक्री,Reel,Tech Tutorial,Tech Tutorial: बैंगन,Story,IG+FB,05:00 PM,Revenue Growth,Curiosity (जिज्ञासा),,⬜ Pending,
297,30-03-2027,Tue,W43,रबी कटाई + बिक्री,Reel,Tech Tutorial,Tech Tutorial: फूलगोभी,Engagement Post,IG+WA,08:00 PM,App Download,Curiosity (जिज्ञासा),,⬜ Pending,
298,31-03-2027,Wed,W43,रबी कटाई + बिक्री,Reel,Tech Tutorial,Tech Tutorial: मटर,Static Poster,YT+IG,07:30 AM,Farmer Registration,Curiosity (जिज्ञासा),,⬜ Pending,
299,01-04-2027,Thu,W43,गर्मी फसल + भंडारण,Reel,Tech Tutorial,Tech Tutorial: अरहर,Story,IG+FB+WA,09:30 AM,Marketplace Listing,Curiosity (जिज्ञासा),,⬜ Pending,
300,02-04-2027,Fri,W43,गर्मी फसल + भंडारण,Reel,Award / Recognition,Award / Recognition: मूंगफली,WhatsApp Broadcast,IG Story+WA,07:00 PM,Buyer-Seller Connect,Urgency (तात्कालिकता),,⬜ Pending,
301,03-04-2027,Sat,W43,गर्मी फसल + भंडारण,Reel,Regional Language,Regional Language: गेहूं,Infographic,YT+IG+FB,12:00 PM,WhatsApp Growth,Community (समुदाय),,⬜ Pending,
302,04-04-2027,Sun,W44,गर्मी फसल + भंडारण,Reel,Regional Language,Regional Language: धान,Carousel,IG+YT Short+WA,08:30 PM,Brand Authority,Community (समुदाय),,⬜ Pending,
303,05-04-2027,Mon,W44,गर्मी फसल + भंडारण,Reel,Regional Language,Regional Language: मक्का,Story,IG+FB,05:00 PM,Farmer Retention,Community (समुदाय),,⬜ Pending,
304,06-04-2027,Tue,W44,गर्मी फसल + भंडारण,Reel,Regional Language,Regional Language: सोयाबीन,Engagement Post,IG+WA,08:00 PM,Revenue Growth,Community (समुदाय),,⬜ Pending,
305,07-04-2027,Wed,W44,गर्मी फसल + भंडारण,Reel,Community Debate,Community Debate: कपास,Static Poster,YT+IG,07:30 AM,App Download,Fear (डर),,⬜ Pending,
306,08-04-2027,Thu,W44,गर्मी फसल + भंडारण,Reel,Community Debate,Community Debate: गन्ना,Story,IG+FB+WA,09:30 AM,Farmer Registration,Fear (डर),,⬜ Pending,
307,09-04-2027,Fri,W44,गर्मी फसल + भंडारण,Reel,Seasonal Countdown,Seasonal Countdown: टमाटर,WhatsApp Broadcast,IG Story+WA,07:00 PM,Marketplace Listing,Profit (मुनाफा),,⬜ Pending,
308,10-04-2027,Sat,W44,गर्मी फसल + भंडारण,Reel,Seasonal Countdown,Seasonal Countdown: प्याज,Infographic,YT+IG+FB,12:00 PM,Buyer-Seller Connect,Profit (मुनाफा),,⬜ Pending,
309,11-04-2027,Sun,W45,गर्मी फसल + भंडारण,Reel,Seasonal Countdown,Seasonal Countdown: आलू,Carousel,IG+YT Short+WA,08:30 PM,WhatsApp Growth,Profit (मुनाफा),,⬜ Pending,
310,12-04-2027,Mon,W45,गर्मी फसल + भंडारण,Reel,Seasonal Countdown,Seasonal Countdown: मिर्च,Story,IG+FB,05:00 PM,Brand Authority,Profit (मुनाफा),,⬜ Pending,
311,13-04-2027,Tue,W45,गर्मी फसल + भंडारण,Reel,Profit Reveal,Profit Reveal: सरसों,Engagement Post,IG+WA,08:00 PM,Farmer Retention,Fear (डर),,⬜ Pending,
312,14-04-2027,Wed,W45,गर्मी फसल + भंडारण,Reel,Profit Reveal,Profit Reveal: चना,Static Poster,YT+IG,07:30 AM,Revenue Growth,Fear (डर),,⬜ Pending,
313,15-04-2027,Thu,W45,गर्मी फसल + भंडारण,Reel,Profit Reveal,Profit Reveal: मूंग,Story,IG+FB+WA,09:30 AM,App Download,Fear (डर),,⬜ Pending,
314,16-04-2027,Fri,W45,गर्मी फसल + भंडारण,Reel,Profit Reveal,Profit Reveal: बाजरा,WhatsApp Broadcast,IG Story+WA,07:00 PM,Farmer Registration,Fear (डर),,⬜ Pending,
315,17-04-2027,Sat,W45,गर्मी फसल + भंडारण,Reel,Mandi Shock,Mandi Shock: ज्वार,Infographic,YT+IG+FB,12:00 PM,Marketplace Listing,Profit (मुनाफा),,⬜ Pending,
316,18-04-2027,Sun,W46,गर्मी फसल + भंडारण,Reel,Mandi Shock,Mandi Shock: हल्दी,Carousel,IG+YT Short+WA,08:30 PM,Buyer-Seller Connect,Profit (मुनाफा),,⬜ Pending,
317,19-04-2027,Mon,W46,गर्मी फसल + भंडारण,Reel,Mandi Shock,Mandi Shock: अदरक,Story,IG+FB,05:00 PM,WhatsApp Growth,Profit (मुनाफा),,⬜ Pending,
318,20-04-2027,Tue,W46,गर्मी फसल + भंडारण,Reel,Mandi Shock,Mandi Shock: लहसुन,Engagement Post,IG+WA,08:00 PM,Brand Authority,Profit (मुनाफा),,⬜ Pending,
319,21-04-2027,Wed,W46,गर्मी फसल + भंडारण,Reel,Crop Emergency Alert,Crop Emergency Alert: केला,Static Poster,YT+IG,07:30 AM,Farmer Retention,Loss Avoidance (नुकसान से बचाव),,⬜ Pending,
320,22-04-2027,Thu,W46,गर्मी फसल + भंडारण,Reel,Crop Emergency Alert,Crop Emergency Alert: अनार,Story,IG+FB+WA,09:30 AM,Revenue Growth,Loss Avoidance (नुकसान से बचाव),,⬜ Pending,
321,23-04-2027,Fri,W46,गर्मी फसल + भंडारण,Reel,Crop Emergency Alert,Crop Emergency Alert: Dragon Fruit,WhatsApp Broadcast,IG Story+WA,07:00 PM,App Download,Loss Avoidance (नुकसान से बचाव),,⬜ Pending,
322,24-04-2027,Sat,W46,गर्मी फसल + भंडारण,Reel,Crop Emergency Alert,Crop Emergency Alert: स्ट्रॉबेरी,Infographic,YT+IG+FB,12:00 PM,Farmer Registration,Loss Avoidance (नुकसान से बचाव),,⬜ Pending,
323,25-04-2027,Sun,W47,गर्मी फसल + भंडारण,Reel,Farmer Success Story,Farmer Success Story: मशरूम,Carousel,IG+YT Short+WA,08:30 PM,Marketplace Listing,Social Proof (सामाजिक प्रमाण),,⬜ Pending,
324,26-04-2027,Mon,W47,गर्मी फसल + भंडारण,Reel,Farmer Success Story,Farmer Success Story: सब्ज़ी,Story,IG+FB,05:00 PM,Buyer-Seller Connect,Social Proof (सामाजिक प्रमाण),,⬜ Pending,
325,27-04-2027,Tue,W47,गर्मी फसल + भंडारण,Reel,Farmer Success Story,Farmer Success Story: भिंडी,Engagement Post,IG+WA,08:00 PM,WhatsApp Growth,Social Proof (सामाजिक प्रमाण),,⬜ Pending,
326,28-04-2027,Wed,W47,गर्मी फसल + भंडारण,Reel,Farmer Success Story,Farmer Success Story: बैंगन,Static Poster,YT+IG,07:30 AM,Brand Authority,Social Proof (सामाजिक प्रमाण),,⬜ Pending,
327,29-04-2027,Thu,W47,गर्मी फसल + भंडारण,Reel,Machinery Pride,Machinery Pride: फूलगोभी,Story,IG+FB+WA,09:30 AM,Farmer Retention,Local Identity (स्थानीय पहचान),,⬜ Pending,
328,30-04-2027,Fri,W47,गर्मी फसल + भंडारण,Reel,Machinery Pride,Machinery Pride: मटर,WhatsApp Broadcast,IG Story+WA,07:00 PM,Revenue Growth,Local Identity (स्थानीय पहचान),,⬜ Pending,
329,01-05-2027,Sat,W47,मंडी रणनीति + तैयारी,Reel,Scheme Bomb,Scheme Bomb: अरहर,Infographic,YT+IG+FB,12:00 PM,App Download,Authority (अधिकार),,⬜ Pending,
330,02-05-2027,Sun,W48,मंडी रणनीति + तैयारी,Reel,Scheme Bomb,Scheme Bomb: मूंगफली,Carousel,IG+YT Short+WA,08:30 PM,Farmer Registration,Authority (अधिकार),,⬜ Pending,
331,03-05-2027,Mon,W48,मंडी रणनीति + तैयारी,Reel,Scheme Bomb,Scheme Bomb: गेहूं,Story,IG+FB,05:00 PM,Marketplace Listing,Authority (अधिकार),,⬜ Pending,
332,04-05-2027,Tue,W48,मंडी रणनीति + तैयारी,Reel,Scheme Bomb,Scheme Bomb: धान,Engagement Post,IG+WA,08:00 PM,Buyer-Seller Connect,Authority (अधिकार),,⬜ Pending,
333,05-05-2027,Wed,W48,मंडी रणनीति + तैयारी,Reel,Jugaad Hack,Jugaad Hack: मक्का,Static Poster,YT+IG,07:30 AM,WhatsApp Growth,Curiosity (जिज्ञासा),,⬜ Pending,
334,06-05-2027,Thu,W48,मंडी रणनीति + तैयारी,Reel,Jugaad Hack,Jugaad Hack: सोयाबीन,Story,IG+FB+WA,09:30 AM,Brand Authority,Curiosity (जिज्ञासा),,⬜ Pending,
335,07-05-2027,Fri,W48,मंडी रणनीति + तैयारी,Reel,Before / After,Before / After: कपास,WhatsApp Broadcast,IG Story+WA,07:00 PM,Farmer Retention,Urgency (तात्कालिकता),,⬜ Pending,
336,08-05-2027,Sat,W48,मंडी रणनीति + तैयारी,Reel,Before / After,Before / After: गन्ना,Infographic,YT+IG+FB,12:00 PM,Revenue Growth,Urgency (तात्कालिकता),,⬜ Pending,
337,09-05-2027,Sun,W49,मंडी रणनीति + तैयारी,Reel,Mahila Kisan,Mahila Kisan: टमाटर,Carousel,IG+YT Short+WA,08:30 PM,App Download,Community (समुदाय),,⬜ Pending,
338,10-05-2027,Mon,W49,मंडी रणनीति + तैयारी,Reel,Mahila Kisan,Mahila Kisan: प्याज,Story,IG+FB,05:00 PM,Farmer Registration,Community (समुदाय),,⬜ Pending,
339,11-05-2027,Tue,W49,मंडी रणनीति + तैयारी,Reel,Mahila Kisan,Mahila Kisan: आलू,Engagement Post,IG+WA,08:00 PM,Marketplace Listing,Community (समुदाय),,⬜ Pending,
340,12-05-2027,Wed,W49,मंडी रणनीति + तैयारी,Reel,Mahila Kisan,Mahila Kisan: मिर्च,Static Poster,YT+IG,07:30 AM,Buyer-Seller Connect,Community (समुदाय),,⬜ Pending,
341,13-05-2027,Thu,W49,मंडी रणनीति + तैयारी,Reel,Weather Emergency,Weather Emergency: सरसों,Story,IG+FB+WA,09:30 AM,WhatsApp Growth,Fear (डर),,⬜ Pending,
342,14-05-2027,Fri,W49,मंडी रणनीति + तैयारी,Reel,Weather Emergency,Weather Emergency: चना,WhatsApp Broadcast,IG Story+WA,07:00 PM,Brand Authority,Fear (डर),,⬜ Pending,
343,15-05-2027,Sat,W49,मंडी रणनीति + तैयारी,Reel,Weather Emergency,Weather Emergency: मूंग,Infographic,YT+IG+FB,12:00 PM,Farmer Retention,Fear (डर),,⬜ Pending,
344,16-05-2027,Sun,W50,मंडी रणनीति + तैयारी,Reel,Weather Emergency,Weather Emergency: बाजरा,Carousel,IG+YT Short+WA,08:30 PM,Revenue Growth,Fear (डर),,⬜ Pending,
345,17-05-2027,Mon,W50,मंडी रणनीति + तैयारी,Reel,Myth Buster,Myth Buster: ज्वार,Story,IG+FB,05:00 PM,App Download,Profit (मुनाफा),,⬜ Pending,
346,18-05-2027,Tue,W50,मंडी रणनीति + तैयारी,Reel,Profit Calculator,Profit Calculator: हल्दी,Engagement Post,IG+WA,08:00 PM,Farmer Registration,Loss Avoidance (नुकसान से बचाव),,⬜ Pending,
347,19-05-2027,Wed,W50,मंडी रणनीति + तैयारी,Reel,Profit Calculator,Profit Calculator: अदरक,Static Poster,YT+IG,07:30 AM,Marketplace Listing,Loss Avoidance (नुकसान से बचाव),,⬜ Pending,
348,20-05-2027,Thu,W50,मंडी रणनीति + तैयारी,Reel,Profit Calculator,Profit Calculator: लहसुन,Story,IG+FB+WA,09:30 AM,Buyer-Seller Connect,Loss Avoidance (नुकसान से बचाव),,⬜ Pending,
349,21-05-2027,Fri,W50,मंडी रणनीति + तैयारी,Reel,Profit Calculator,Profit Calculator: केला,WhatsApp Broadcast,IG Story+WA,07:00 PM,WhatsApp Growth,Loss Avoidance (नुकसान से बचाव),,⬜ Pending,
350,22-05-2027,Sat,W50,मंडी रणनीति + तैयारी,Reel,Field Interview,Field Interview: अनार,Infographic,YT+IG+FB,12:00 PM,Brand Authority,Social Proof (सामाजिक प्रमाण),,⬜ Pending,
351,23-05-2027,Sun,W51,मंडी रणनीति + तैयारी,Reel,Field Interview,Field Interview: Dragon Fruit,Carousel,IG+YT Short+WA,08:30 PM,Farmer Retention,Social Proof (सामाजिक प्रमाण),,⬜ Pending,
352,24-05-2027,Mon,W51,मंडी रणनीति + तैयारी,Reel,Old vs New,Old vs New: स्ट्रॉबेरी,Story,IG+FB,05:00 PM,Revenue Growth,Local Identity (स्थानीय पहचान),,⬜ Pending,
353,25-05-2027,Tue,W51,मंडी रणनीति + तैयारी,Reel,Old vs New,Old vs New: मशरूम,Engagement Post,IG+WA,08:00 PM,App Download,Local Identity (स्थानीय पहचान),,⬜ Pending,
354,26-05-2027,Wed,W51,मंडी रणनीति + तैयारी,Reel,Hidden Crop,Hidden Crop: सब्ज़ी,Static Poster,YT+IG,07:30 AM,Farmer Registration,Authority (अधिकार),,⬜ Pending,
355,27-05-2027,Thu,W51,मंडी रणनीति + तैयारी,Reel,Hidden Crop,Hidden Crop: भिंडी,Story,IG+FB+WA,09:30 AM,Marketplace Listing,Authority (अधिकार),,⬜ Pending,
356,28-05-2027,Fri,W51,मंडी रणनीति + तैयारी,Reel,Hidden Crop,Hidden Crop: बैंगन,WhatsApp Broadcast,IG Story+WA,07:00 PM,Buyer-Seller Connect,Authority (अधिकार),,⬜ Pending,
357,29-05-2027,Sat,W51,मंडी रणनीति + तैयारी,Reel,Hidden Crop,Hidden Crop: फूलगोभी,Infographic,YT+IG+FB,12:00 PM,WhatsApp Growth,Authority (अधिकार),,⬜ Pending,
358,30-05-2027,Sun,W52,मंडी रणनीति + तैयारी,Reel,Tech Tutorial,Tech Tutorial: मटर,Carousel,IG+YT Short+WA,08:30 PM,Brand Authority,Curiosity (जिज्ञासा),,⬜ Pending,
359,31-05-2027,Mon,W52,मंडी रणनीति + तैयारी,Reel,Tech Tutorial,Tech Tutorial: अरहर,Story,IG+FB,05:00 PM,Farmer Retention,Curiosity (जिज्ञासा),,⬜ Pending,
360,01-06-2027,Tue,W52,भरोसा बनाओ (Trust Launch),Reel,Tech Tutorial,Tech Tutorial: मूंगफली,Engagement Post,IG+WA,08:00 PM,Revenue Growth,Curiosity (जिज्ञासा),,⬜ Pending,
361,02-06-2027,Wed,W52,भरोसा बनाओ (Trust Launch),Reel,Tech Tutorial,Tech Tutorial: गेहूं,Static Poster,YT+IG,07:30 AM,App Download,Curiosity (जिज्ञासा),,⬜ Pending,
362,03-06-2027,Thu,W52,भरोसा बनाओ (Trust Launch),Reel,Award / Recognition,Award / Recognition: धान,Story,IG+FB+WA,09:30 AM,Farmer Registration,Urgency (तात्कालिकता),,⬜ Pending,
363,04-06-2027,Fri,W52,भरोसा बनाओ (Trust Launch),Reel,Regional Language,Regional Language: मक्का,WhatsApp Broadcast,IG Story+WA,07:00 PM,Marketplace Listing,Community (समुदाय),,⬜ Pending,
364,05-06-2027,Sat,W52,भरोसा बनाओ (Trust Launch),Reel,Regional Language,Regional Language: सोयाबीन,Infographic,YT+IG+FB,12:00 PM,Buyer-Seller Connect,Community (समुदाय),विश्व पर्यावरण दिवस,⬜ Pending,
365,06-06-2027,Sun,W53,भरोसा बनाओ (Trust Launch),Reel,Regional Language,Regional Language: कपास,Carousel,IG+YT Short+WA,08:30 PM,WhatsApp Growth,Community (समुदाय),,⬜ Pending,
