📢  CTA Library — 64 Calls-to-Action (8 Business Goals),,,,
हर business goal के 8 CTAs। Asset के objective के हिसाब से चुनो।,,,,
#,Business Goal,CTA #,CTA Text (Hindi),Placement
1,App Download,C1,AgroManch App download करो — link bio में 👇,On-screen card
2,App Download,C2,अभी download करो — पहली sale free guidance के साथ 📲,Pinned comment
3,App Download,C3,Play Store पर 'AgroManch' search करके download करो,Bio link
4,App Download,C4,Link description में है — App अभी install करो 👇,Voiceover close
5,App Download,C5,1 मिनट में download — खेती आसान बनाओ 🌾,Caption end
6,App Download,C6,देर मत करो — App download करके आज ही शुरू करो,On-screen card
7,App Download,C7,नीचे link पर tap करो और AgroManch पाओ 📲,Pinned comment
8,App Download,C8,लाखों किसान जुड़ चुके — आप भी download करो 👇,Bio link
9,Farmer Registration,C1,App खोलो → 2 मिनट में registration पूरा करो ✍️,Voiceover close
10,Farmer Registration,C2,अभी register करो — फसल बेचने का पहला कदम,Caption end
11,Farmer Registration,C3,मोबाइल नंबर से free registration — आज ही करो,On-screen card
12,Farmer Registration,C4,Registration करो और expert से free बात पाओ 👨‍🌾,Pinned comment
13,Farmer Registration,C5,"नाम, गाँव, फसल — बस 3 चीज़ें भरो, हो गया रजिस्टर",Bio link
14,Farmer Registration,C6,"Free में जुड़ो — कोई fees नहीं, registration करो",Voiceover close
15,Farmer Registration,C7,register करते ही daily भाव alerts चालू 🔔,Caption end
16,Farmer Registration,C8,"एक बार register, ज़िंदगी भर फायदा — अभी करो",On-screen card
17,Marketplace Listing,C1,अभी फसल list करो — पहली sale आज ही 📲,Pinned comment
18,Marketplace Listing,C2,फसल की photo डालो → भाव तय करो → publish करो,Bio link
19,Marketplace Listing,C3,5 मिनट में listing — सीधे buyer तक पहुँचो,Voiceover close
20,Marketplace Listing,C4,अपनी फसल list करो और सही दाम पाओ 💰,Caption end
21,Marketplace Listing,C5,बिचौलिया हटाओ — App पर सीधे list करो,On-screen card
22,Marketplace Listing,C6,"आज list करो, कल payment — देर मत करो",Pinned comment
23,Marketplace Listing,C7,listing free है — अपनी फसल अभी डालो 👇,Bio link
24,Marketplace Listing,C8,एक listing = कई buyers। अभी शुरू करो,Voiceover close
25,Buyer-Seller Connect,C1,verified buyers से सीधे जुड़ो — App खोलो 🤝,Caption end
26,Buyer-Seller Connect,C2,अपने इलाके के buyers देखो — अभी connect करो,On-screen card
27,Buyer-Seller Connect,C3,"buyer से chat करो, दाम तय करो — सीधे App पर",Pinned comment
28,Buyer-Seller Connect,C4,बड़े खरीदार इंतज़ार में हैं — connect करो,Bio link
29,Buyer-Seller Connect,C5,FPO/exporter से जुड़ो — App → Buyers,Voiceover close
30,Buyer-Seller Connect,C6,बीच का आदमी हटाओ — सीधे buyer से बात करो,Caption end
31,Buyer-Seller Connect,C7,best दाम वाला buyer ढूंढो — अभी देखो 💰,On-screen card
32,Buyer-Seller Connect,C8,connect करो और आज ही सौदा पक्का करो 🤝,Pinned comment
33,WhatsApp Growth,C1,WhatsApp group join करो — daily भाव alerts 🔔,Bio link
34,WhatsApp Growth,C2,हमारे WhatsApp community से जुड़ो — link नीचे 👇,Voiceover close
35,WhatsApp Growth,C3,रोज़ की मंडी update WhatsApp पर पाओ — join करो,Caption end
36,WhatsApp Growth,C4,WhatsApp पर expert tips — group join करो 📲,On-screen card
37,WhatsApp Growth,C5,किसान भाइयों का सबसे बड़ा WhatsApp group — आओ,Pinned comment
38,WhatsApp Growth,C6,free WhatsApp alerts के लिए नीचे tap करो 🔔,Bio link
39,WhatsApp Growth,C7,"मौसम + भाव + scheme — सब WhatsApp पर, join करो",Voiceover close
40,WhatsApp Growth,C8,WhatsApp group में share करो 🙏 और जुड़े रहो,Caption end
41,Brand Authority,C1,follow करो — रोज़ भरोसेमंद खेती जानकारी 🌾,On-screen card
42,Brand Authority,C2,AgroManch के साथ बने रहो — सच्ची जानकारी,Pinned comment
43,Brand Authority,C3,Save करो 📌 — यह बाद में काम आएगा,Bio link
44,Brand Authority,C4,share करो ताकि हर किसान तक पहुँचे 🙏,Voiceover close
45,Brand Authority,C5,"हमें follow करो — किसान की आवाज़, किसान का साथ",Caption end
46,Brand Authority,C6,यह जानकारी फैलाओ — एक किसान की मदद करो,On-screen card
47,Brand Authority,C7,AgroManch — किसान का भरोसा। जुड़े रहो,Pinned comment
48,Brand Authority,C8,comment में बताओ कौन सा topic अगला चाहिए,Bio link
49,Farmer Retention,C1,App → Expert section में free सलाह लो 👨‍🌾,Voiceover close
50,Farmer Retention,C2,"रोज़ खोलो AgroManch — नया भाव, नया मौका",Caption end
51,Farmer Retention,C3,अपनी अगली फसल भी यहीं list करो — भरोसा बनाए रखो,On-screen card
52,Farmer Retention,C4,Weather Alert ON करो — फसल सुरक्षित रखो 🔔,Pinned comment
53,Farmer Retention,C5,हर हफ्ते नया feature — App update रखो,Bio link
54,Farmer Retention,C6,आपका feedback चाहिए — comment में लिखो,Voiceover close
55,Farmer Retention,C7,Kisan rewards पाओ — App में active रहो 🎁,Caption end
56,Farmer Retention,C8,दोस्त को refer करो और दोनों फायदे में रहो 🤝,On-screen card
57,Revenue Growth,C1,Premium buyers के लिए Grade-A में list करो 💰,Pinned comment
58,Revenue Growth,C2,ज़्यादा दाम के लिए quality details भरो,Bio link
59,Revenue Growth,C3,bulk में बेचो — बेहतर rate पाओ App पर,Voiceover close
60,Revenue Growth,C4,right time पर बेचो — App का price predictor देखो,Caption end
61,Revenue Growth,C5,storage + sell combo से मुनाफा बढ़ाओ,On-screen card
62,Revenue Growth,C6,"AgroManch पर बेचो, बेहतर margin पाओ 💰",Pinned comment
63,Revenue Growth,C7,अपनी फसल का सही मूल्य पाओ — आज list करो,Bio link
64,Revenue Growth,C8,"ज़्यादा कमाओ — बिचौलिया हटाओ, सीधे बेचो",Voiceover close
