⚡  Daily Viral Content Generator — 1 Topic → 5 Assets,,,,,,,
Reusable template. Type today's topic in the yellow cell → follow each block to produce all 5 assets.,,,,,,,
👉 INPUT — आज का Topic यहाँ लिखो:,,,,,,,
[ यहाँ topic टाइप करो — जैसे: गेहूं मंडी भाव / PMFBY claim / प्याज भंडारण ],,,,,,,
⬇️  AUTO-APPLY: Best Hook Pattern + Best CTA + Best Viral Structure (नीचे हर asset के लिए formula भरा है),,,,,,,
Asset,Pattern to Use,Hook Formula (पहले 3 सेकंड),Structure / Body,CTA Formula,Best Time,Psychology,
🎬 Viral Reel,Profit Reveal / Mandi Shock,'[Topic] में किसान को ₹__ मिला — कैसे?' (shock number first),Hook 3s → Problem 5s → AgroManch solution 15s → Proof 10s → CTA 5s,'Download करो — link bio 👇',8:30 PM,Curiosity + Profit,
🖼️ Viral Poster,Scheme Bomb / Calculator,"बड़ा number + '[Topic]' headline, एक चौंकाने वाला आँकड़ा",Visual: किसान + number. 1 line benefit. Logo + CTA bar.,'App में पूरी जानकारी 📲',12:00 PM,Loss Avoidance + Authority,
📑 Viral Carousel,Myth Buster / Tutorial,Slide 1: '[Topic] के बारे में 5 बातें जो किसान नहीं जानते',6-8 slides: 1 hook → 5 value points → 1 proof → 1 CTA slide,'Save 📌 + दोस्त को share 🙏',12:00 PM,Curiosity + Social Proof,
📲 Story Sequence,Community Debate / Countdown,Slide 1: Poll '[Topic] पर आप क्या सोचते हो?',3-4 slides: Poll → Result tease → Value → Swipe-up CTA,'Vote 👆 + App खोलो',07:00 PM,Community + Urgency,
💬 Engagement Post,Community Debate / Field Interview,'[Topic] पर आपका experience? सच बताओ 👇',Question + relatable image. Promise to reply every comment.,'Comment करो — video में नाम आएगा 💬',06:00 PM,Community + Local Identity,
"📋 5-MINUTE ROUTINE: 1) Topic लिखो  2) ऊपर के 5 formulas में {Topic} replace करो  3) AI Image Prompt Library से visual बनाओ  4) Posting Schedule से time पक्का करो  5) Banks में नई row के रूप में log करो। हर दिन = 5 assets, 0 confusion।",,,,,,,
