🌾  AgroManch — Master Content Intelligence System  🌾,,,,,,,,,
Zero → 1 Million Farmers  |  Self-Sustaining Agriculture Content Factory  |  12-Month Engine,,,,,,,,,
🎯  MISSION,,,,,,,,,
"एक self-sustaining Agriculture Content Factory बनाना जो अगले 12 महीने रोज़ viral content generate करे — हर asset कम से कम एक business goal (App Download, Registration, Marketplace Listing, Buyer-Seller Connect, WhatsApp Growth, Brand Authority, Retention, Revenue) को आगे बढ़ाए।",,,,,,,,,
"📚  WORKBOOK MAP — 15 SHEETS, 8 PHASES",,,,,,,,,
Phase,Sheet,What's Inside,Use When,,,,,,
8,🏠 Executive Summary,,"Mission, KPIs, 15-sheet map",,,,Start here / leadership review,,
1,🏆 Pattern Prioritization,,"20 patterns ranked, 7 scores, Tier A/B/C",,,,Choosing which pattern to use,,
2/3,🎬 Reel Bank (200),,200 production-ready Reel ideas,,,,Daily Reel creation,,
2/3,🖼️ Carousel Bank (100),,"100 carousel ideas, all fields",,,,Making carousels,,
2/3,📄 Static Post Bank (100),,100 static/poster ideas,,,,Single-image posts,,
2/3,📲 Story Bank (100),,100 story-sequence ideas,,,,Daily stories,,
2/3,💬 Engagement Bank (100),,100 engagement / community posts,,,,Driving comments + DMs,,
3,📰 News Content Bank,,Newsjacking templates + sources,,,,Reacting to agri news,,
3,📅 Master Calendar (90d),,90-day date-wise plan,,,,Daily — what to post today,,
4,🎨 AI Image Prompt Library,,Poster/Thumb/Carousel/Infographic prompts,,,,Generating visuals,,
5,⚡ Daily Content Generator,,1 topic → 5 assets (reusable template),,,,Every morning,,
6,⚙️ Content Operating System,,Daily/Weekly/Monthly SOPs,,,,Running the factory,,
7,🧠 Farmer Psychology DB,,9 triggers mapped to patterns + hooks,,,,Sharpening the hook,,
3/8,📊 KPI Tracker + Roadmap,,KPI framework + 90-day growth roadmap,,,,Weekly performance review,,
📈  NORTH-STAR KPIs (12-Month Targets),,,,,,,,,
Metric,,Month 1,,Month 3,,Month 6,,Month 12,
App Downloads,,"10,000",,"75,000",,"3,00,000",,"10,00,000",
Registered Farmers,,"6,000",,"50,000",,"2,00,000",,"7,00,000",
Marketplace Listings,,"1,500",,"15,000",,"75,000",,"3,00,000",
Buyer-Seller Connects,,500,,"6,000",,"40,000",,"2,00,000",
WhatsApp Community,,"5,000",,"40,000",,"1,75,000",,"6,00,000",
Monthly Reach,,5 लाख,,40 लाख,,1.5 करोड़,,5 करोड़,
