#️⃣  Hashtag Engine — Banks + Ready 5-Tag Sets,,,,,,
Instagram नियम 2025: max 5 targeted hashtags। YouTube: 3-5 description में। Facebook: 2-3।,,,,,,
📏 PLATFORM RULES — Instagram: 5 max (targeted) · YouTube: 3-5 in description · Facebook: 2-3 · WhatsApp: none (text only) · Always include #Kisan + #AgroManch,,,,,,
🗂️  HASHTAG BANKS (इनमें से mix करो),,,,,,
Bank,Hashtags,,,,,
Core Brand (हमेशा),#AgroManch #Kisan #KisanOfIndia #IndianFarmer #Annadata,,,,,
General Agri,#Farming #Agriculture #Kheti #KhetiBadi #Krishi #FarmerLife #FarmingIndia #KisanBhai,,,,,
Mandi / Price,#MandiBhav #FasalRate #MandiPrice #CropPrice #FarmGate,,,,,
Govt Scheme,#PMKisan #PMFBY #KCC #FasalBima #SarkariYojana #KisanScheme #KisanCreditCard,,,,,
Crop Emergency,#FasalRog #PestControl #CropDisease #FarmingTips #KisanHelp,,,,,
Weather,#MausamAlert #WeatherAlert #Monsoon #IMD #CropProtection,,,,,
Women Farmer,#MahilaKisan #WomenInAgriculture #WomenFarmer #NariShakti,,,,,
Jugaad / Tips,#FarmingHacks #Jugaad #KhetiTips #DesiJugaad #SmartFarming,,,,,
Tech / App,#AgriTech #DigitalKisan #SmartFarming #FarmToMarket #AgriBusiness,,,,,
Reels / Trending,#Reels #ReelsInstagram #Viral #Trending #ExplorePage #FarmingReels,,,,,
Regional / Language,#UPKisan #BiharKisan #PunjabKisan #Bhojpuri #DesiKheti,,,,,
Profit / Hidden Crop,#ProfitableFarming #FarmingIdeas #CashCrop #KhetiProfit #ModernFarming,,,,,
"✅  READY 5-TAG SETS (copy-paste, Instagram-ready)",,,,,,
#,Use For,5-Hashtag Set,,,,
1,Mandi / Price post,#Kisan #AgroManch #MandiBhav #IndianFarmer #Kheti,,,,
2,Govt Scheme post,#PMKisan #Kisan #SarkariYojana #AgroManch #FasalBima,,,,
3,Success Story,#Kisan #Annadata #FarmerSuccess #AgroManch #IndianFarmer,,,,
4,Crop Emergency,#Kisan #FasalRog #Kheti #AgroManch #FarmingTips,,,,
5,Jugaad / Tips,#FarmingHacks #Kisan #Jugaad #AgroManch #KhetiTips,,,,
6,Women Farmer,#MahilaKisan #WomenInAgriculture #Kisan #AgroManch #Annadata,,,,
7,Tech / App tutorial,#AgriTech #DigitalKisan #AgroManch #SmartFarming #Kisan,,,,
8,Hidden / Profit Crop,#Kisan #ProfitableFarming #AgroManch #Kheti #FarmingIdeas,,,,
9,Weather Alert,#MausamAlert #Kisan #Kheti #AgroManch #FarmingTips,,,,
10,Regional (UP/Bihar),#UPKisan #BiharKisan #Bhojpuri #AgroManch #Kisan,,,,
11,गेहूं post,#Wheat #Kisan #AgroManch #Kheti #IndianFarmer,,,,
12,धान post,#Paddy #Kisan #AgroManch #Kheti #IndianFarmer,,,,
13,मक्का post,#Maize #Kisan #AgroManch #Kheti #IndianFarmer,,,,
14,सोयाबीन post,#Soybean #Kisan #AgroManch #Kheti #IndianFarmer,,,,
15,कपास post,#Cotton #Kisan #AgroManch #Kheti #IndianFarmer,,,,
16,गन्ना post,#Sugarcane #Kisan #AgroManch #Kheti #IndianFarmer,,,,
17,टमाटर post,#Tomato #Kisan #AgroManch #Kheti #IndianFarmer,,,,
18,प्याज post,#Onion #Kisan #AgroManch #Kheti #IndianFarmer,,,,
19,आलू post,#Potato #Kisan #AgroManch #Kheti #IndianFarmer,,,,
20,मिर्च post,#Chilli #Kisan #AgroManch #Kheti #IndianFarmer,,,,
21,सरसों post,#Mustard #Kisan #AgroManch #Kheti #IndianFarmer,,,,
22,चना post,#Gram #Kisan #AgroManch #Kheti #IndianFarmer,,,,
23,मूंग post,#Moong #Kisan #AgroManch #Kheti #IndianFarmer,,,,
24,बाजरा post,#Bajra #Kisan #AgroManch #Kheti #IndianFarmer,,,,
25,ज्वार post,#Jowar #Kisan #AgroManch #Kheti #IndianFarmer,,,,
26,हल्दी post,#Turmeric #Kisan #AgroManch #Kheti #IndianFarmer,,,,
27,अदरक post,#Ginger #Kisan #AgroManch #Kheti #IndianFarmer,,,,
28,लहसुन post,#Garlic #Kisan #AgroManch #Kheti #IndianFarmer,,,,
29,केला post,#Banana #Kisan #AgroManch #Kheti #IndianFarmer,,,,
30,अनार post,#Pomegranate #Kisan #AgroManch #Kheti #IndianFarmer,,,,
31,Dragon Fruit post,#DragonFruit #Kisan #AgroManch #Kheti #IndianFarmer,,,,
32,स्ट्रॉबेरी post,#Strawberry #Kisan #AgroManch #Kheti #IndianFarmer,,,,
33,मशरूम post,#Mushroom #Kisan #AgroManch #Kheti #IndianFarmer,,,,
34,सब्ज़ी post,#Vegetables #Kisan #AgroManch #Kheti #IndianFarmer,,,,
35,भिंडी post,#Okra #Kisan #AgroManch #Kheti #IndianFarmer,,,,
36,बैंगन post,#Brinjal #Kisan #AgroManch #Kheti #IndianFarmer,,,,
37,फूलगोभी post,#Cauliflower #Kisan #AgroManch #Kheti #IndianFarmer,,,,
38,मटर post,#Peas #Kisan #AgroManch #Kheti #IndianFarmer,,,,
39,अरहर post,#Arhar #Kisan #AgroManch #Kheti #IndianFarmer,,,,
40,मूंगफली post,#Groundnut #Kisan #AgroManch #Kheti #IndianFarmer,,,,
