📊  Content KPI Tracker  +  90-Day Growth Roadmap,,,,,,,,,,,
ऊपर: रोज़/हफ्ते का KPI log। नीचे: 90-दिन का growth roadmap।,,,,,,,,,,,
📈  CONTENT KPI TRACKER (हर post के बाद भरो),,,,,,,,,,,
Date,Asset ID,Pattern,Platform,Reach,Views,Saves,Shares,Comments,Profile→App Clicks,Downloads Attributed,Verdict (Scale/Kill)
🚀  90-DAY GROWTH ROADMAP (Zero → 1M trajectory),,,,,,,,,,,
Phase,Days,Theme,Content Focus,Primary Goal,Posting Volume,Key Patterns,Target Outcome,,,,
🌱 Foundation,1-30,भरोसा + पहचान बनाओ,"Mandi Shock, Success Story, Tutorial — समझाओ AgroManch क्यों",Awareness + first 10K downloads,1 Reel + 1 secondary/day,"Mandi Shock, Profit Reveal, Tutorial","10K downloads, 6K registrations",,,,
🌿 Momentum,31-60,Proof + समुदाय,"Success stories, Scheme Bomb, Mahila Kisan, WhatsApp push",Trust + community 40K,2 Reels/day + daily story,"Scheme Bomb, Success Story, Community","75K downloads, 40K WhatsApp",,,,
🌾 Scale,61-90,Marketplace ignition,"Hidden Crop, Calculator, Buyer connects, Regional language",Listings + revenue,2-3 assets/day + hero weekly,"Hidden Crop, Calculator, Regional","15K listings, 6K connects, revenue live",,,,
➡️ MONTH 4-12: हर महीने theme दोहराओ + winning patterns (KPI data से) पर double-down। Banks रोज़ refill। Regional language + hero documentaries scale करो। Target: 10 लाख farmers by Month 12.,,,,,,,,,,,
