🎬  Reel Content Bank — 200 Ideas,,,,,,,,,,
200 production-ready ideas  |  Phase 2 + 3  |  हर row = ready to shoot/design,,,,,,,,,,
Content ID,Pillar,Pattern Used,Topic,Target Audience,Hook (First 3s),Farmer Pain Point,Solution,CTA,Expected Outcome,Virality /10
REEL-001,Awareness (जागरूकता),Profit Reveal,Profit Reveal: गेहूं (Reel),छोटे किसान,इस किसान ने गेहूं से ₹__ लाख कमाए — कैसे?,मंडी में कम भाव,"AgroManch पर गेहूं direct buyers को बेचो — fair price, 72hr payment, free expert. App → List → Sell. बिचौलिया खत्म, मुनाफा आपका।",AgroManch App download करो — link bio में 👇,App Download + Listing,10
REEL-002,Trust (भरोसा),Profit Reveal,Profit Reveal: धान (Reel),युवा किसान (18-35),इस किसान ने धान से ₹__ लाख कमाए — कैसे?,बिचौलियों की लूट,"AgroManch पर धान direct buyers को बेचो — fair price, 72hr payment, free expert. App → List → Sell. बिचौलिया खत्म, मुनाफा आपका।",अभी फसल list करो — पहली sale आज ही 📲,App Download + Listing,10
REEL-003,Education (शिक्षा),Profit Reveal,Profit Reveal: मक्का (Reel),महिला किसान,इस किसान ने मक्का से ₹__ लाख कमाए — कैसे?,payment में देरी,"AgroManch पर मक्का direct buyers को बेचो — fair price, 72hr payment, free expert. App → List → Sell. बिचौलिया खत्म, मुनाफा आपका।",WhatsApp group join करो — daily भाव alerts 🔔,App Download + Listing,10
REEL-004,Community (समुदाय),Profit Reveal,Profit Reveal: सोयाबीन (Reel),FPO सदस्य,इस किसान ने सोयाबीन से ₹__ लाख कमाए — कैसे?,फसल में रोग/कीट,"AgroManch पर सोयाबीन direct buyers को बेचो — fair price, 72hr payment, free expert. App → List → Sell. बिचौलिया खत्म, मुनाफा आपका।",Save करो 📌 और किसान दोस्त को share करो 🙏,App Download + Listing,10
REEL-005,Marketplace (बाज़ार),Mandi Shock,Mandi Shock: कपास (Reel),प्रगतिशील किसान,कपास मंडी में ₹__/kg — AgroManch पर ₹__! फर्क देखो 🔴🟢,मौसम का नुकसान,"AgroManch पर कपास direct buyers को बेचो — fair price, 72hr payment, free expert. App → List → Sell. बिचौलिया खत्म, मुनाफा आपका।",Comment करो — आपका जवाब video में आ सकता है 💬,App Download + Trust,10
REEL-006,Acquisition (अधिग्रहण),Mandi Shock,Mandi Shock: गन्ना (Reel),नए डिजिटल किसान,गन्ना मंडी में ₹__/kg — AgroManch पर ₹__! फर्क देखो 🔴🟢,भंडारण की समस्या,"AgroManch पर गन्ना direct buyers को बेचो — fair price, 72hr payment, free expert. App → List → Sell. बिचौलिया खत्म, मुनाफा आपका।",Expert से free बात करो — App → Expert section 👨‍🌾,App Download + Trust,10
REEL-007,Retention (रिटेंशन),Mandi Shock,Mandi Shock: टमाटर (Reel),सब्ज़ी उत्पादक,टमाटर मंडी में ₹__/kg — AgroManch पर ₹__! फर्क देखो 🔴🟢,transport खर्च,"AgroManch पर टमाटर direct buyers को बेचो — fair price, 72hr payment, free expert. App → List → Sell. बिचौलिया खत्म, मुनाफा आपका।",Tag करो उस किसान को जिसे यह मदद करेगा 👇,App Download + Trust,10
REEL-008,Brand (ब्रांड),Mandi Shock,Mandi Shock: प्याज (Reel),बागवानी किसान,प्याज मंडी में ₹__/kg — AgroManch पर ₹__! फर्क देखो 🔴🟢,quality grading,"AgroManch पर प्याज direct buyers को बेचो — fair price, 72hr payment, free expert. App → List → Sell. बिचौलिया खत्म, मुनाफा आपका।",Schemes section में status check करो — App खोलो 📋,App Download + Trust,10
REEL-009,Awareness (जागरूकता),Crop Emergency Alert,Crop Emergency Alert: आलू (Reel),सीमांत किसान,🚨 कर्नाटक में आलू पर रोग — 72 घंटे में यह करो!,सही buyer नहीं मिलता,"AgroManch पर आलू direct buyers को बेचो — fair price, 72hr payment, free expert. App → List → Sell. बिचौलिया खत्म, मुनाफा आपका।",AgroManch App download करो — link bio में 👇,Retention + WhatsApp Growth,9
REEL-010,Trust (भरोसा),Crop Emergency Alert,Crop Emergency Alert: मिर्च (Reel),जोखिम-सतर्क किसान,🚨 पश्चिम बंगाल में मिर्च पर रोग — 72 घंटे में यह करो!,कर्ज़ का बोझ,"AgroManch पर मिर्च direct buyers को बेचो — fair price, 72hr payment, free expert. App → List → Sell. बिचौलिया खत्म, मुनाफा आपका।",अभी फसल list करो — पहली sale आज ही 📲,Retention + WhatsApp Growth,9
REEL-011,Education (शिक्षा),Crop Emergency Alert,Crop Emergency Alert: सरसों (Reel),छोटे किसान,🚨 UP में सरसों पर रोग — 72 घंटे में यह करो!,नकली बीज/खाद,"AgroManch पर सरसों direct buyers को बेचो — fair price, 72hr payment, free expert. App → List → Sell. बिचौलिया खत्म, मुनाफा आपका।",WhatsApp group join करो — daily भाव alerts 🔔,Retention + WhatsApp Growth,9
REEL-012,Community (समुदाय),Crop Emergency Alert,Crop Emergency Alert: चना (Reel),युवा किसान (18-35),🚨 बिहार में चना पर रोग — 72 घंटे में यह करो!,पानी की कमी,"AgroManch पर चना direct buyers को बेचो — fair price, 72hr payment, free expert. App → List → Sell. बिचौलिया खत्म, मुनाफा आपका।",Save करो 📌 और किसान दोस्त को share करो 🙏,Retention + WhatsApp Growth,9
REEL-013,Marketplace (बाज़ार),Farmer Success Story,Farmer Success Story: मूंग (Reel),महिला किसान,'पहले डर था — आज मूंग से खुशी है' — असली कहानी,मजदूरों की कमी,"AgroManch पर मूंग direct buyers को बेचो — fair price, 72hr payment, free expert. App → List → Sell. बिचौलिया खत्म, मुनाफा आपका।",Comment करो — आपका जवाब video में आ सकता है 💬,Trust + Registration,9
REEL-014,Acquisition (अधिग्रहण),Farmer Success Story,Farmer Success Story: बाजरा (Reel),FPO सदस्य,'पहले डर था — आज बाजरा से खुशी है' — असली कहानी,सरकारी योजना की जानकारी नहीं,"AgroManch पर बाजरा direct buyers को बेचो — fair price, 72hr payment, free expert. App → List → Sell. बिचौलिया खत्म, मुनाफा आपका।",Expert से free बात करो — App → Expert section 👨‍🌾,Trust + Registration,9
REEL-015,Retention (रिटेंशन),Farmer Success Story,Farmer Success Story: ज्वार (Reel),प्रगतिशील किसान,'पहले डर था — आज ज्वार से खुशी है' — असली कहानी,बाज़ार भाव की जानकारी नहीं,"AgroManch पर ज्वार direct buyers को बेचो — fair price, 72hr payment, free expert. App → List → Sell. बिचौलिया खत्म, मुनाफा आपका।",Tag करो उस किसान को जिसे यह मदद करेगा 👇,Trust + Registration,9
REEL-016,Brand (ब्रांड),Farmer Success Story,Farmer Success Story: हल्दी (Reel),नए डिजिटल किसान,'पहले डर था — आज हल्दी से खुशी है' — असली कहानी,मंडी में कम भाव,"AgroManch पर हल्दी direct buyers को बेचो — fair price, 72hr payment, free expert. App → List → Sell. बिचौलिया खत्म, मुनाफा आपका।",Schemes section में status check करो — App खोलो 📋,Trust + Registration,9
REEL-017,Awareness (जागरूकता),Machinery Pride,Machinery Pride: अदरक (Reel),सब्ज़ी उत्पादक,यह मशीन अदरक की लागत आधी कर देती है 😮,बिचौलियों की लूट,"AgroManch पर अदरक direct buyers को बेचो — fair price, 72hr payment, free expert. App → List → Sell. बिचौलिया खत्म, मुनाफा आपका।",AgroManch App download करो — link bio में 👇,Marketplace + Brand,8
REEL-018,Trust (भरोसा),Machinery Pride,Machinery Pride: लहसुन (Reel),बागवानी किसान,यह मशीन लहसुन की लागत आधी कर देती है 😮,payment में देरी,"AgroManch पर लहसुन direct buyers को बेचो — fair price, 72hr payment, free expert. App → List → Sell. बिचौलिया खत्म, मुनाफा आपका।",अभी फसल list करो — पहली sale आज ही 📲,Marketplace + Brand,8
REEL-019,Education (शिक्षा),Scheme Bomb,Scheme Bomb: केला (Reel),सीमांत किसान,"🚨 NABARD योजना — किस्त आ रही है, status check करो!",फसल में रोग/कीट,"AgroManch पर केला direct buyers को बेचो — fair price, 72hr payment, free expert. App → List → Sell. बिचौलिया खत्म, मुनाफा आपका।",WhatsApp group join करो — daily भाव alerts 🔔,WhatsApp Growth + Registration,9
REEL-020,Community (समुदाय),Scheme Bomb,Scheme Bomb: अनार (Reel),जोखिम-सतर्क किसान,"🚨 Kisan Drone Subsidy — किस्त आ रही है, status check करो!",मौसम का नुकसान,"AgroManch पर अनार direct buyers को बेचो — fair price, 72hr payment, free expert. App → List → Sell. बिचौलिया खत्म, मुनाफा आपका।",Save करो 📌 और किसान दोस्त को share करो 🙏,WhatsApp Growth + Registration,9
REEL-021,Marketplace (बाज़ार),Scheme Bomb,Scheme Bomb: Dragon Fruit (Reel),छोटे किसान,"🚨 PM-KISAN — किस्त आ रही है, status check करो!",भंडारण की समस्या,"AgroManch पर Dragon Fruit direct buyers को बेचो — fair price, 72hr payment, free expert. App → List → Sell. बिचौलिया खत्म, मुनाफा आपका।",Comment करो — आपका जवाब video में आ सकता है 💬,WhatsApp Growth + Registration,9
REEL-022,Acquisition (अधिग्रहण),Scheme Bomb,Scheme Bomb: स्ट्रॉबेरी (Reel),युवा किसान (18-35),"🚨 PMFBY फसल बीमा — किस्त आ रही है, status check करो!",transport खर्च,"AgroManch पर स्ट्रॉबेरी direct buyers को बेचो — fair price, 72hr payment, free expert. App → List → Sell. बिचौलिया खत्म, मुनाफा आपका।",Expert से free बात करो — App → Expert section 👨‍🌾,WhatsApp Growth + Registration,9
REEL-023,Retention (रिटेंशन),Jugaad Hack,Jugaad Hack: मशरूम (Reel),महिला किसान,₹200 में मशरूम का जुगाड़ — 90% किसान नहीं जानते,quality grading,"AgroManch पर मशरूम direct buyers को बेचो — fair price, 72hr payment, free expert. App → List → Sell. बिचौलिया खत्म, मुनाफा आपका।",Tag करो उस किसान को जिसे यह मदद करेगा 👇,Shareability + Reach,9
REEL-024,Brand (ब्रांड),Jugaad Hack,Jugaad Hack: सब्ज़ी (Reel),FPO सदस्य,₹200 में सब्ज़ी का जुगाड़ — 90% किसान नहीं जानते,सही buyer नहीं मिलता,"AgroManch पर सब्ज़ी direct buyers को बेचो — fair price, 72hr payment, free expert. App → List → Sell. बिचौलिया खत्म, मुनाफा आपका।",Schemes section में status check करो — App खोलो 📋,Shareability + Reach,9
REEL-025,Awareness (जागरूकता),Before / After,Before / After: भिंडी (Reel),प्रगतिशील किसान,भिंडी खेत: पहले बनाम बाद — यकीन नहीं होगा,कर्ज़ का बोझ,"AgroManch पर भिंडी direct buyers को बेचो — fair price, 72hr payment, free expert. App → List → Sell. बिचौलिया खत्म, मुनाफा आपका।",AgroManch App download करो — link bio में 👇,Trust + Listing,8
REEL-026,Trust (भरोसा),Before / After,Before / After: बैंगन (Reel),नए डिजिटल किसान,बैंगन खेत: पहले बनाम बाद — यकीन नहीं होगा,नकली बीज/खाद,"AgroManch पर बैंगन direct buyers को बेचो — fair price, 72hr payment, free expert. App → List → Sell. बिचौलिया खत्म, मुनाफा आपका।",अभी फसल list करो — पहली sale आज ही 📲,Trust + Listing,8
REEL-027,Education (शिक्षा),Mahila Kisan,Mahila Kisan: फूलगोभी (Reel),सब्ज़ी उत्पादक,'अकेले 3 एकड़ फूलगोभी संभाला' — रेखा देवी की कहानी,पानी की कमी,"AgroManch पर फूलगोभी direct buyers को बेचो — fair price, 72hr payment, free expert. App → List → Sell. बिचौलिया खत्म, मुनाफा आपका।",WhatsApp group join करो — daily भाव alerts 🔔,Community + Brand,9
REEL-028,Community (समुदाय),Mahila Kisan,Mahila Kisan: मटर (Reel),बागवानी किसान,'अकेले 3 एकड़ मटर संभाला' — रेखा देवी की कहानी,मजदूरों की कमी,"AgroManch पर मटर direct buyers को बेचो — fair price, 72hr payment, free expert. App → List → Sell. बिचौलिया खत्म, मुनाफा आपका।",Save करो 📌 और किसान दोस्त को share करो 🙏,Community + Brand,9
REEL-029,Marketplace (बाज़ार),Mahila Kisan,Mahila Kisan: अरहर (Reel),सीमांत किसान,'अकेले 3 एकड़ अरहर संभाला' — रेखा देवी की कहानी,सरकारी योजना की जानकारी नहीं,"AgroManch पर अरहर direct buyers को बेचो — fair price, 72hr payment, free expert. App → List → Sell. बिचौलिया खत्म, मुनाफा आपका।",Comment करो — आपका जवाब video में आ सकता है 💬,Community + Brand,9
REEL-030,Acquisition (अधिग्रहण),Mahila Kisan,Mahila Kisan: मूंगफली (Reel),जोखिम-सतर्क किसान,'अकेले 3 एकड़ मूंगफली संभाला' — रेखा देवी की कहानी,बाज़ार भाव की जानकारी नहीं,"AgroManch पर मूंगफली direct buyers को बेचो — fair price, 72hr payment, free expert. App → List → Sell. बिचौलिया खत्म, मुनाफा आपका।",Expert से free बात करो — App → Expert section 👨‍🌾,Community + Brand,9
REEL-031,Retention (रिटेंशन),Weather Emergency,Weather Emergency: गेहूं (Reel),छोटे किसान,🚨 UP Alert: 72 घंटे में मौसम — गेहूं बचाओ!,मंडी में कम भाव,"AgroManch पर गेहूं direct buyers को बेचो — fair price, 72hr payment, free expert. App → List → Sell. बिचौलिया खत्म, मुनाफा आपका।",Tag करो उस किसान को जिसे यह मदद करेगा 👇,Retention + App Download,9
REEL-032,Brand (ब्रांड),Weather Emergency,Weather Emergency: धान (Reel),युवा किसान (18-35),🚨 बिहार Alert: 72 घंटे में मौसम — धान बचाओ!,बिचौलियों की लूट,"AgroManch पर धान direct buyers को बेचो — fair price, 72hr payment, free expert. App → List → Sell. बिचौलिया खत्म, मुनाफा आपका।",Schemes section में status check करो — App खोलो 📋,Retention + App Download,9
REEL-033,Awareness (जागरूकता),Weather Emergency,Weather Emergency: मक्का (Reel),महिला किसान,🚨 पंजाब Alert: 72 घंटे में मौसम — मक्का बचाओ!,payment में देरी,"AgroManch पर मक्का direct buyers को बेचो — fair price, 72hr payment, free expert. App → List → Sell. बिचौलिया खत्म, मुनाफा आपका।",AgroManch App download करो — link bio में 👇,Retention + App Download,9
REEL-034,Trust (भरोसा),Weather Emergency,Weather Emergency: सोयाबीन (Reel),FPO सदस्य,🚨 MP Alert: 72 घंटे में मौसम — सोयाबीन बचाओ!,फसल में रोग/कीट,"AgroManch पर सोयाबीन direct buyers को बेचो — fair price, 72hr payment, free expert. App → List → Sell. बिचौलिया खत्म, मुनाफा आपका।",अभी फसल list करो — पहली sale आज ही 📲,Retention + App Download,9
REEL-035,Education (शिक्षा),Myth Buster,Myth Buster: कपास (Reel),प्रगतिशील किसान,कपास के बारे में यह बात झूठ है — सच जानो,मौसम का नुकसान,"AgroManch पर कपास direct buyers को बेचो — fair price, 72hr payment, free expert. App → List → Sell. बिचौलिया खत्म, मुनाफा आपका।",WhatsApp group join करो — daily भाव alerts 🔔,Brand Authority,8
REEL-036,Community (समुदाय),Profit Calculator,Profit Calculator: गन्ना (Reel),नए डिजिटल किसान,गन्ना में 1 एकड़ = कितना मुनाफा? पूरा हिसाब,भंडारण की समस्या,"AgroManch पर गन्ना direct buyers को बेचो — fair price, 72hr payment, free expert. App → List → Sell. बिचौलिया खत्म, मुनाफा आपका।",Save करो 📌 और किसान दोस्त को share करो 🙏,Lead Gen + Listing,9
REEL-037,Marketplace (बाज़ार),Profit Calculator,Profit Calculator: टमाटर (Reel),सब्ज़ी उत्पादक,टमाटर में 1 एकड़ = कितना मुनाफा? पूरा हिसाब,transport खर्च,"AgroManch पर टमाटर direct buyers को बेचो — fair price, 72hr payment, free expert. App → List → Sell. बिचौलिया खत्म, मुनाफा आपका।",Comment करो — आपका जवाब video में आ सकता है 💬,Lead Gen + Listing,9
REEL-038,Acquisition (अधिग्रहण),Profit Calculator,Profit Calculator: प्याज (Reel),बागवानी किसान,प्याज में 1 एकड़ = कितना मुनाफा? पूरा हिसाब,quality grading,"AgroManch पर प्याज direct buyers को बेचो — fair price, 72hr payment, free expert. App → List → Sell. बिचौलिया खत्म, मुनाफा आपका।",Expert से free बात करो — App → Expert section 👨‍🌾,Lead Gen + Listing,9
REEL-039,Retention (रिटेंशन),Profit Calculator,Profit Calculator: आलू (Reel),सीमांत किसान,आलू में 1 एकड़ = कितना मुनाफा? पूरा हिसाब,सही buyer नहीं मिलता,"AgroManch पर आलू direct buyers को बेचो — fair price, 72hr payment, free expert. App → List → Sell. बिचौलिया खत्म, मुनाफा आपका।",Tag करो उस किसान को जिसे यह मदद करेगा 👇,Lead Gen + Listing,9
REEL-040,Brand (ब्रांड),Field Interview,Field Interview: मिर्च (Reel),जोखिम-सतर्क किसान,खेत से सीधे: पश्चिम बंगाल के किसान क्या कह रहे हैं?,कर्ज़ का बोझ,"AgroManch पर मिर्च direct buyers को बेचो — fair price, 72hr payment, free expert. App → List → Sell. बिचौलिया खत्म, मुनाफा आपका।",Schemes section में status check करो — App खोलो 📋,Trust + Authority,8
REEL-041,Awareness (जागरूकता),Field Interview,Field Interview: सरसों (Reel),छोटे किसान,खेत से सीधे: UP के किसान क्या कह रहे हैं?,नकली बीज/खाद,"AgroManch पर सरसों direct buyers को बेचो — fair price, 72hr payment, free expert. App → List → Sell. बिचौलिया खत्म, मुनाफा आपका।",AgroManch App download करो — link bio में 👇,Trust + Authority,8
REEL-042,Trust (भरोसा),Old vs New,Old vs New: चना (Reel),युवा किसान (18-35),चना बेचने का पुराना तरीका vs AgroManch — 5 घंटे vs 5 मिनट,पानी की कमी,"AgroManch पर चना direct buyers को बेचो — fair price, 72hr payment, free expert. App → List → Sell. बिचौलिया खत्म, मुनाफा आपका।",अभी फसल list करो — पहली sale आज ही 📲,App Download,8
REEL-043,Education (शिक्षा),Old vs New,Old vs New: मूंग (Reel),महिला किसान,मूंग बेचने का पुराना तरीका vs AgroManch — 5 घंटे vs 5 मिनट,मजदूरों की कमी,"AgroManch पर मूंग direct buyers को बेचो — fair price, 72hr payment, free expert. App → List → Sell. बिचौलिया खत्म, मुनाफा आपका।",WhatsApp group join करो — daily भाव alerts 🔔,App Download,8
REEL-044,Community (समुदाय),Hidden Crop,Hidden Crop: बाजरा (Reel),FPO सदस्य,यह फसल ₹__/kg बिकती है — कोई MP में नहीं उगाता क्यों?,सरकारी योजना की जानकारी नहीं,"AgroManch पर बाजरा direct buyers को बेचो — fair price, 72hr payment, free expert. App → List → Sell. बिचौलिया खत्म, मुनाफा आपका।",Save करो 📌 और किसान दोस्त को share करो 🙏,Marketplace + Listing,9
REEL-045,Marketplace (बाज़ार),Hidden Crop,Hidden Crop: ज्वार (Reel),प्रगतिशील किसान,यह फसल ₹__/kg बिकती है — कोई महाराष्ट्र में नहीं उगाता क्यों?,बाज़ार भाव की जानकारी नहीं,"AgroManch पर ज्वार direct buyers को बेचो — fair price, 72hr payment, free expert. App → List → Sell. बिचौलिया खत्म, मुनाफा आपका।",Comment करो — आपका जवाब video में आ सकता है 💬,Marketplace + Listing,9
REEL-046,Acquisition (अधिग्रहण),Hidden Crop,Hidden Crop: हल्दी (Reel),नए डिजिटल किसान,यह फसल ₹__/kg बिकती है — कोई राजस्थान में नहीं उगाता क्यों?,मंडी में कम भाव,"AgroManch पर हल्दी direct buyers को बेचो — fair price, 72hr payment, free expert. App → List → Sell. बिचौलिया खत्म, मुनाफा आपका।",Expert से free बात करो — App → Expert section 👨‍🌾,Marketplace + Listing,9
REEL-047,Retention (रिटेंशन),Hidden Crop,Hidden Crop: अदरक (Reel),सब्ज़ी उत्पादक,यह फसल ₹__/kg बिकती है — कोई हरियाणा में नहीं उगाता क्यों?,बिचौलियों की लूट,"AgroManch पर अदरक direct buyers को बेचो — fair price, 72hr payment, free expert. App → List → Sell. बिचौलिया खत्म, मुनाफा आपका।",Tag करो उस किसान को जिसे यह मदद करेगा 👇,Marketplace + Listing,9
REEL-048,Brand (ब्रांड),Tech Tutorial,Tech Tutorial: लहसुन (Reel),बागवानी किसान,AgroManch पर लहसुन list करो — 5 मिनट tutorial,payment में देरी,"AgroManch पर लहसुन direct buyers को बेचो — fair price, 72hr payment, free expert. App → List → Sell. बिचौलिया खत्म, मुनाफा आपका।",Schemes section में status check करो — App खोलो 📋,App Download + Activation,8
REEL-049,Awareness (जागरूकता),Tech Tutorial,Tech Tutorial: केला (Reel),सीमांत किसान,AgroManch पर केला list करो — 5 मिनट tutorial,फसल में रोग/कीट,"AgroManch पर केला direct buyers को बेचो — fair price, 72hr payment, free expert. App → List → Sell. बिचौलिया खत्म, मुनाफा आपका।",AgroManch App download करो — link bio में 👇,App Download + Activation,8
REEL-050,Trust (भरोसा),Tech Tutorial,Tech Tutorial: अनार (Reel),जोखिम-सतर्क किसान,AgroManch पर अनार list करो — 5 मिनट tutorial,मौसम का नुकसान,"AgroManch पर अनार direct buyers को बेचो — fair price, 72hr payment, free expert. App → List → Sell. बिचौलिया खत्म, मुनाफा आपका।",अभी फसल list करो — पहली sale आज ही 📲,App Download + Activation,8
REEL-051,Education (शिक्षा),Tech Tutorial,Tech Tutorial: Dragon Fruit (Reel),छोटे किसान,AgroManch पर Dragon Fruit list करो — 5 मिनट tutorial,भंडारण की समस्या,"AgroManch पर Dragon Fruit direct buyers को बेचो — fair price, 72hr payment, free expert. App → List → Sell. बिचौलिया खत्म, मुनाफा आपका।",WhatsApp group join करो — daily भाव alerts 🔔,App Download + Activation,8
REEL-052,Community (समुदाय),Award / Recognition,Award / Recognition: स्ट्रॉबेरी (Reel),युवा किसान (18-35),🏆 Kisan Star of the Week — बिहार के किसान को बधाई!,transport खर्च,"AgroManch पर स्ट्रॉबेरी direct buyers को बेचो — fair price, 72hr payment, free expert. App → List → Sell. बिचौलिया खत्म, मुनाफा आपका।",Save करो 📌 और किसान दोस्त को share करो 🙏,Retention + Loyalty,8
REEL-053,Marketplace (बाज़ार),Regional Language,Regional Language: मशरूम (Reel),महिला किसान,किसान भाई — आज भोजपुरी में मशरूम की बात,quality grading,"AgroManch पर मशरूम direct buyers को बेचो — fair price, 72hr payment, free expert. App → List → Sell. बिचौलिया खत्म, मुनाफा आपका।",Comment करो — आपका जवाब video में आ सकता है 💬,Registration + Reach,9
REEL-054,Acquisition (अधिग्रहण),Regional Language,Regional Language: सब्ज़ी (Reel),FPO सदस्य,किसान भाई — आज भोजपुरी में सब्ज़ी की बात,सही buyer नहीं मिलता,"AgroManch पर सब्ज़ी direct buyers को बेचो — fair price, 72hr payment, free expert. App → List → Sell. बिचौलिया खत्म, मुनाफा आपका।",Expert से free बात करो — App → Expert section 👨‍🌾,Registration + Reach,9
REEL-055,Retention (रिटेंशन),Regional Language,Regional Language: भिंडी (Reel),प्रगतिशील किसान,किसान भाई — आज भोजपुरी में भिंडी की बात,कर्ज़ का बोझ,"AgroManch पर भिंडी direct buyers को बेचो — fair price, 72hr payment, free expert. App → List → Sell. बिचौलिया खत्म, मुनाफा आपका।",Tag करो उस किसान को जिसे यह मदद करेगा 👇,Registration + Reach,9
REEL-056,Brand (ब्रांड),Regional Language,Regional Language: बैंगन (Reel),नए डिजिटल किसान,किसान भाई — आज भोजपुरी में बैंगन की बात,नकली बीज/खाद,"AgroManch पर बैंगन direct buyers को बेचो — fair price, 72hr payment, free expert. App → List → Sell. बिचौलिया खत्म, मुनाफा आपका।",Schemes section में status check करो — App खोलो 📋,Registration + Reach,9
REEL-057,Awareness (जागरूकता),Community Debate,Community Debate: फूलगोभी (Reel),सब्ज़ी उत्पादक,सच बोलो — फूलगोभी मंडी में सही भाव मिलता है? Poll 👇,पानी की कमी,"AgroManch पर फूलगोभी direct buyers को बेचो — fair price, 72hr payment, free expert. App → List → Sell. बिचौलिया खत्म, मुनाफा आपका।",AgroManch App download करो — link bio में 👇,Engagement + Community,9
REEL-058,Trust (भरोसा),Community Debate,Community Debate: मटर (Reel),बागवानी किसान,सच बोलो — मटर मंडी में सही भाव मिलता है? Poll 👇,मजदूरों की कमी,"AgroManch पर मटर direct buyers को बेचो — fair price, 72hr payment, free expert. App → List → Sell. बिचौलिया खत्म, मुनाफा आपका।",अभी फसल list करो — पहली sale आज ही 📲,Engagement + Community,9
REEL-059,Education (शिक्षा),Seasonal Countdown,Seasonal Countdown: अरहर (Reel),सीमांत किसान,अरहर बुवाई में बस __ दिन बाकी — तैयारी शुरू!,सरकारी योजना की जानकारी नहीं,"AgroManch पर अरहर direct buyers को बेचो — fair price, 72hr payment, free expert. App → List → Sell. बिचौलिया खत्म, मुनाफा आपका।",WhatsApp group join करो — daily भाव alerts 🔔,Listing + Marketplace,8
REEL-060,Community (समुदाय),Seasonal Countdown,Seasonal Countdown: मूंगफली (Reel),जोखिम-सतर्क किसान,मूंगफली बुवाई में बस __ दिन बाकी — तैयारी शुरू!,बाज़ार भाव की जानकारी नहीं,"AgroManch पर मूंगफली direct buyers को बेचो — fair price, 72hr payment, free expert. App → List → Sell. बिचौलिया खत्म, मुनाफा आपका।",Save करो 📌 और किसान दोस्त को share करो 🙏,Listing + Marketplace,8
REEL-061,Marketplace (बाज़ार),Seasonal Countdown,Seasonal Countdown: गेहूं (Reel),छोटे किसान,गेहूं बुवाई में बस __ दिन बाकी — तैयारी शुरू!,मंडी में कम भाव,"AgroManch पर गेहूं direct buyers को बेचो — fair price, 72hr payment, free expert. App → List → Sell. बिचौलिया खत्म, मुनाफा आपका।",Comment करो — आपका जवाब video में आ सकता है 💬,Listing + Marketplace,8
REEL-062,Acquisition (अधिग्रहण),Seasonal Countdown,Seasonal Countdown: धान (Reel),युवा किसान (18-35),धान बुवाई में बस __ दिन बाकी — तैयारी शुरू!,बिचौलियों की लूट,"AgroManch पर धान direct buyers को बेचो — fair price, 72hr payment, free expert. App → List → Sell. बिचौलिया खत्म, मुनाफा आपका।",Expert से free बात करो — App → Expert section 👨‍🌾,Listing + Marketplace,8
REEL-063,Retention (रिटेंशन),Profit Reveal,Profit Reveal: मक्का (Reel),महिला किसान,इस किसान ने मक्का से ₹__ लाख कमाए — कैसे?,payment में देरी,"AgroManch पर मक्का direct buyers को बेचो — fair price, 72hr payment, free expert. App → List → Sell. बिचौलिया खत्म, मुनाफा आपका।",Tag करो उस किसान को जिसे यह मदद करेगा 👇,App Download + Listing,10
REEL-064,Brand (ब्रांड),Profit Reveal,Profit Reveal: सोयाबीन (Reel),FPO सदस्य,इस किसान ने सोयाबीन से ₹__ लाख कमाए — कैसे?,फसल में रोग/कीट,"AgroManch पर सोयाबीन direct buyers को बेचो — fair price, 72hr payment, free expert. App → List → Sell. बिचौलिया खत्म, मुनाफा आपका।",Schemes section में status check करो — App खोलो 📋,App Download + Listing,10
REEL-065,Awareness (जागरूकता),Profit Reveal,Profit Reveal: कपास (Reel),प्रगतिशील किसान,इस किसान ने कपास से ₹__ लाख कमाए — कैसे?,मौसम का नुकसान,"AgroManch पर कपास direct buyers को बेचो — fair price, 72hr payment, free expert. App → List → Sell. बिचौलिया खत्म, मुनाफा आपका।",AgroManch App download करो — link bio में 👇,App Download + Listing,10
REEL-066,Trust (भरोसा),Profit Reveal,Profit Reveal: गन्ना (Reel),नए डिजिटल किसान,इस किसान ने गन्ना से ₹__ लाख कमाए — कैसे?,भंडारण की समस्या,"AgroManch पर गन्ना direct buyers को बेचो — fair price, 72hr payment, free expert. App → List → Sell. बिचौलिया खत्म, मुनाफा आपका।",अभी फसल list करो — पहली sale आज ही 📲,App Download + Listing,10
REEL-067,Education (शिक्षा),Mandi Shock,Mandi Shock: टमाटर (Reel),सब्ज़ी उत्पादक,टमाटर मंडी में ₹__/kg — AgroManch पर ₹__! फर्क देखो 🔴🟢,transport खर्च,"AgroManch पर टमाटर direct buyers को बेचो — fair price, 72hr payment, free expert. App → List → Sell. बिचौलिया खत्म, मुनाफा आपका।",WhatsApp group join करो — daily भाव alerts 🔔,App Download + Trust,10
REEL-068,Community (समुदाय),Mandi Shock,Mandi Shock: प्याज (Reel),बागवानी किसान,प्याज मंडी में ₹__/kg — AgroManch पर ₹__! फर्क देखो 🔴🟢,quality grading,"AgroManch पर प्याज direct buyers को बेचो — fair price, 72hr payment, free expert. App → List → Sell. बिचौलिया खत्म, मुनाफा आपका।",Save करो 📌 और किसान दोस्त को share करो 🙏,App Download + Trust,10
REEL-069,Marketplace (बाज़ार),Mandi Shock,Mandi Shock: आलू (Reel),सीमांत किसान,आलू मंडी में ₹__/kg — AgroManch पर ₹__! फर्क देखो 🔴🟢,सही buyer नहीं मिलता,"AgroManch पर आलू direct buyers को बेचो — fair price, 72hr payment, free expert. App → List → Sell. बिचौलिया खत्म, मुनाफा आपका।",Comment करो — आपका जवाब video में आ सकता है 💬,App Download + Trust,10
REEL-070,Acquisition (अधिग्रहण),Mandi Shock,Mandi Shock: मिर्च (Reel),जोखिम-सतर्क किसान,मिर्च मंडी में ₹__/kg — AgroManch पर ₹__! फर्क देखो 🔴🟢,कर्ज़ का बोझ,"AgroManch पर मिर्च direct buyers को बेचो — fair price, 72hr payment, free expert. App → List → Sell. बिचौलिया खत्म, मुनाफा आपका।",Expert से free बात करो — App → Expert section 👨‍🌾,App Download + Trust,10
REEL-071,Retention (रिटेंशन),Crop Emergency Alert,Crop Emergency Alert: सरसों (Reel),छोटे किसान,🚨 UP में सरसों पर रोग — 72 घंटे में यह करो!,नकली बीज/खाद,"AgroManch पर सरसों direct buyers को बेचो — fair price, 72hr payment, free expert. App → List → Sell. बिचौलिया खत्म, मुनाफा आपका।",Tag करो उस किसान को जिसे यह मदद करेगा 👇,Retention + WhatsApp Growth,9
REEL-072,Brand (ब्रांड),Crop Emergency Alert,Crop Emergency Alert: चना (Reel),युवा किसान (18-35),🚨 बिहार में चना पर रोग — 72 घंटे में यह करो!,पानी की कमी,"AgroManch पर चना direct buyers को बेचो — fair price, 72hr payment, free expert. App → List → Sell. बिचौलिया खत्म, मुनाफा आपका।",Schemes section में status check करो — App खोलो 📋,Retention + WhatsApp Growth,9
REEL-073,Awareness (जागरूकता),Crop Emergency Alert,Crop Emergency Alert: मूंग (Reel),महिला किसान,🚨 पंजाब में मूंग पर रोग — 72 घंटे में यह करो!,मजदूरों की कमी,"AgroManch पर मूंग direct buyers को बेचो — fair price, 72hr payment, free expert. App → List → Sell. बिचौलिया खत्म, मुनाफा आपका।",AgroManch App download करो — link bio में 👇,Retention + WhatsApp Growth,9
REEL-074,Trust (भरोसा),Crop Emergency Alert,Crop Emergency Alert: बाजरा (Reel),FPO सदस्य,🚨 MP में बाजरा पर रोग — 72 घंटे में यह करो!,सरकारी योजना की जानकारी नहीं,"AgroManch पर बाजरा direct buyers को बेचो — fair price, 72hr payment, free expert. App → List → Sell. बिचौलिया खत्म, मुनाफा आपका।",अभी फसल list करो — पहली sale आज ही 📲,Retention + WhatsApp Growth,9
REEL-075,Education (शिक्षा),Farmer Success Story,Farmer Success Story: ज्वार (Reel),प्रगतिशील किसान,'पहले डर था — आज ज्वार से खुशी है' — असली कहानी,बाज़ार भाव की जानकारी नहीं,"AgroManch पर ज्वार direct buyers को बेचो — fair price, 72hr payment, free expert. App → List → Sell. बिचौलिया खत्म, मुनाफा आपका।",WhatsApp group join करो — daily भाव alerts 🔔,Trust + Registration,9
REEL-076,Community (समुदाय),Farmer Success Story,Farmer Success Story: हल्दी (Reel),नए डिजिटल किसान,'पहले डर था — आज हल्दी से खुशी है' — असली कहानी,मंडी में कम भाव,"AgroManch पर हल्दी direct buyers को बेचो — fair price, 72hr payment, free expert. App → List → Sell. बिचौलिया खत्म, मुनाफा आपका।",Save करो 📌 और किसान दोस्त को share करो 🙏,Trust + Registration,9
REEL-077,Marketplace (बाज़ार),Farmer Success Story,Farmer Success Story: अदरक (Reel),सब्ज़ी उत्पादक,'पहले डर था — आज अदरक से खुशी है' — असली कहानी,बिचौलियों की लूट,"AgroManch पर अदरक direct buyers को बेचो — fair price, 72hr payment, free expert. App → List → Sell. बिचौलिया खत्म, मुनाफा आपका।",Comment करो — आपका जवाब video में आ सकता है 💬,Trust + Registration,9
REEL-078,Acquisition (अधिग्रहण),Farmer Success Story,Farmer Success Story: लहसुन (Reel),बागवानी किसान,'पहले डर था — आज लहसुन से खुशी है' — असली कहानी,payment में देरी,"AgroManch पर लहसुन direct buyers को बेचो — fair price, 72hr payment, free expert. App → List → Sell. बिचौलिया खत्म, मुनाफा आपका।",Expert से free बात करो — App → Expert section 👨‍🌾,Trust + Registration,9
REEL-079,Retention (रिटेंशन),Machinery Pride,Machinery Pride: केला (Reel),सीमांत किसान,यह मशीन केला की लागत आधी कर देती है 😮,फसल में रोग/कीट,"AgroManch पर केला direct buyers को बेचो — fair price, 72hr payment, free expert. App → List → Sell. बिचौलिया खत्म, मुनाफा आपका।",Tag करो उस किसान को जिसे यह मदद करेगा 👇,Marketplace + Brand,8
REEL-080,Brand (ब्रांड),Machinery Pride,Machinery Pride: अनार (Reel),जोखिम-सतर्क किसान,यह मशीन अनार की लागत आधी कर देती है 😮,मौसम का नुकसान,"AgroManch पर अनार direct buyers को बेचो — fair price, 72hr payment, free expert. App → List → Sell. बिचौलिया खत्म, मुनाफा आपका।",Schemes section में status check करो — App खोलो 📋,Marketplace + Brand,8
REEL-081,Awareness (जागरूकता),Scheme Bomb,Scheme Bomb: Dragon Fruit (Reel),छोटे किसान,"🚨 PM-KISAN — किस्त आ रही है, status check करो!",भंडारण की समस्या,"AgroManch पर Dragon Fruit direct buyers को बेचो — fair price, 72hr payment, free expert. App → List → Sell. बिचौलिया खत्म, मुनाफा आपका।",AgroManch App download करो — link bio में 👇,WhatsApp Growth + Registration,9
REEL-082,Trust (भरोसा),Scheme Bomb,Scheme Bomb: स्ट्रॉबेरी (Reel),युवा किसान (18-35),"🚨 PMFBY फसल बीमा — किस्त आ रही है, status check करो!",transport खर्च,"AgroManch पर स्ट्रॉबेरी direct buyers को बेचो — fair price, 72hr payment, free expert. App → List → Sell. बिचौलिया खत्म, मुनाफा आपका।",अभी फसल list करो — पहली sale आज ही 📲,WhatsApp Growth + Registration,9
REEL-083,Education (शिक्षा),Scheme Bomb,Scheme Bomb: मशरूम (Reel),महिला किसान,"🚨 KCC (Kisan Credit Card) — किस्त आ रही है, status check करो!",quality grading,"AgroManch पर मशरूम direct buyers को बेचो — fair price, 72hr payment, free expert. App → List → Sell. बिचौलिया खत्म, मुनाफा आपका।",WhatsApp group join करो — daily भाव alerts 🔔,WhatsApp Growth + Registration,9
REEL-084,Community (समुदाय),Scheme Bomb,Scheme Bomb: सब्ज़ी (Reel),FPO सदस्य,"🚨 PM-KUSUM सोलर — किस्त आ रही है, status check करो!",सही buyer नहीं मिलता,"AgroManch पर सब्ज़ी direct buyers को बेचो — fair price, 72hr payment, free expert. App → List → Sell. बिचौलिया खत्म, मुनाफा आपका।",Save करो 📌 और किसान दोस्त को share करो 🙏,WhatsApp Growth + Registration,9
REEL-085,Marketplace (बाज़ार),Jugaad Hack,Jugaad Hack: भिंडी (Reel),प्रगतिशील किसान,₹200 में भिंडी का जुगाड़ — 90% किसान नहीं जानते,कर्ज़ का बोझ,"AgroManch पर भिंडी direct buyers को बेचो — fair price, 72hr payment, free expert. App → List → Sell. बिचौलिया खत्म, मुनाफा आपका।",Comment करो — आपका जवाब video में आ सकता है 💬,Shareability + Reach,9
REEL-086,Acquisition (अधिग्रहण),Jugaad Hack,Jugaad Hack: बैंगन (Reel),नए डिजिटल किसान,₹200 में बैंगन का जुगाड़ — 90% किसान नहीं जानते,नकली बीज/खाद,"AgroManch पर बैंगन direct buyers को बेचो — fair price, 72hr payment, free expert. App → List → Sell. बिचौलिया खत्म, मुनाफा आपका।",Expert से free बात करो — App → Expert section 👨‍🌾,Shareability + Reach,9
REEL-087,Retention (रिटेंशन),Before / After,Before / After: फूलगोभी (Reel),सब्ज़ी उत्पादक,फूलगोभी खेत: पहले बनाम बाद — यकीन नहीं होगा,पानी की कमी,"AgroManch पर फूलगोभी direct buyers को बेचो — fair price, 72hr payment, free expert. App → List → Sell. बिचौलिया खत्म, मुनाफा आपका।",Tag करो उस किसान को जिसे यह मदद करेगा 👇,Trust + Listing,8
REEL-088,Brand (ब्रांड),Before / After,Before / After: मटर (Reel),बागवानी किसान,मटर खेत: पहले बनाम बाद — यकीन नहीं होगा,मजदूरों की कमी,"AgroManch पर मटर direct buyers को बेचो — fair price, 72hr payment, free expert. App → List → Sell. बिचौलिया खत्म, मुनाफा आपका।",Schemes section में status check करो — App खोलो 📋,Trust + Listing,8
REEL-089,Awareness (जागरूकता),Mahila Kisan,Mahila Kisan: अरहर (Reel),सीमांत किसान,'अकेले 3 एकड़ अरहर संभाला' — रेखा देवी की कहानी,सरकारी योजना की जानकारी नहीं,"AgroManch पर अरहर direct buyers को बेचो — fair price, 72hr payment, free expert. App → List → Sell. बिचौलिया खत्म, मुनाफा आपका।",AgroManch App download करो — link bio में 👇,Community + Brand,9
REEL-090,Trust (भरोसा),Mahila Kisan,Mahila Kisan: मूंगफली (Reel),जोखिम-सतर्क किसान,'अकेले 3 एकड़ मूंगफली संभाला' — रेखा देवी की कहानी,बाज़ार भाव की जानकारी नहीं,"AgroManch पर मूंगफली direct buyers को बेचो — fair price, 72hr payment, free expert. App → List → Sell. बिचौलिया खत्म, मुनाफा आपका।",अभी फसल list करो — पहली sale आज ही 📲,Community + Brand,9
REEL-091,Education (शिक्षा),Mahila Kisan,Mahila Kisan: गेहूं (Reel),छोटे किसान,'अकेले 3 एकड़ गेहूं संभाला' — रेखा देवी की कहानी,मंडी में कम भाव,"AgroManch पर गेहूं direct buyers को बेचो — fair price, 72hr payment, free expert. App → List → Sell. बिचौलिया खत्म, मुनाफा आपका।",WhatsApp group join करो — daily भाव alerts 🔔,Community + Brand,9
REEL-092,Community (समुदाय),Mahila Kisan,Mahila Kisan: धान (Reel),युवा किसान (18-35),'अकेले 3 एकड़ धान संभाला' — रेखा देवी की कहानी,बिचौलियों की लूट,"AgroManch पर धान direct buyers को बेचो — fair price, 72hr payment, free expert. App → List → Sell. बिचौलिया खत्म, मुनाफा आपका।",Save करो 📌 और किसान दोस्त को share करो 🙏,Community + Brand,9
REEL-093,Marketplace (बाज़ार),Weather Emergency,Weather Emergency: मक्का (Reel),महिला किसान,🚨 पंजाब Alert: 72 घंटे में मौसम — मक्का बचाओ!,payment में देरी,"AgroManch पर मक्का direct buyers को बेचो — fair price, 72hr payment, free expert. App → List → Sell. बिचौलिया खत्म, मुनाफा आपका।",Comment करो — आपका जवाब video में आ सकता है 💬,Retention + App Download,9
REEL-094,Acquisition (अधिग्रहण),Weather Emergency,Weather Emergency: सोयाबीन (Reel),FPO सदस्य,🚨 MP Alert: 72 घंटे में मौसम — सोयाबीन बचाओ!,फसल में रोग/कीट,"AgroManch पर सोयाबीन direct buyers को बेचो — fair price, 72hr payment, free expert. App → List → Sell. बिचौलिया खत्म, मुनाफा आपका।",Expert से free बात करो — App → Expert section 👨‍🌾,Retention + App Download,9
REEL-095,Retention (रिटेंशन),Weather Emergency,Weather Emergency: कपास (Reel),प्रगतिशील किसान,🚨 महाराष्ट्र Alert: 72 घंटे में मौसम — कपास बचाओ!,मौसम का नुकसान,"AgroManch पर कपास direct buyers को बेचो — fair price, 72hr payment, free expert. App → List → Sell. बिचौलिया खत्म, मुनाफा आपका।",Tag करो उस किसान को जिसे यह मदद करेगा 👇,Retention + App Download,9
REEL-096,Brand (ब्रांड),Weather Emergency,Weather Emergency: गन्ना (Reel),नए डिजिटल किसान,🚨 राजस्थान Alert: 72 घंटे में मौसम — गन्ना बचाओ!,भंडारण की समस्या,"AgroManch पर गन्ना direct buyers को बेचो — fair price, 72hr payment, free expert. App → List → Sell. बिचौलिया खत्म, मुनाफा आपका।",Schemes section में status check करो — App खोलो 📋,Retention + App Download,9
REEL-097,Awareness (जागरूकता),Myth Buster,Myth Buster: टमाटर (Reel),सब्ज़ी उत्पादक,टमाटर के बारे में यह बात झूठ है — सच जानो,transport खर्च,"AgroManch पर टमाटर direct buyers को बेचो — fair price, 72hr payment, free expert. App → List → Sell. बिचौलिया खत्म, मुनाफा आपका।",AgroManch App download करो — link bio में 👇,Brand Authority,8
REEL-098,Trust (भरोसा),Profit Calculator,Profit Calculator: प्याज (Reel),बागवानी किसान,प्याज में 1 एकड़ = कितना मुनाफा? पूरा हिसाब,quality grading,"AgroManch पर प्याज direct buyers को बेचो — fair price, 72hr payment, free expert. App → List → Sell. बिचौलिया खत्म, मुनाफा आपका।",अभी फसल list करो — पहली sale आज ही 📲,Lead Gen + Listing,9
REEL-099,Education (शिक्षा),Profit Calculator,Profit Calculator: आलू (Reel),सीमांत किसान,आलू में 1 एकड़ = कितना मुनाफा? पूरा हिसाब,सही buyer नहीं मिलता,"AgroManch पर आलू direct buyers को बेचो — fair price, 72hr payment, free expert. App → List → Sell. बिचौलिया खत्म, मुनाफा आपका।",WhatsApp group join करो — daily भाव alerts 🔔,Lead Gen + Listing,9
REEL-100,Community (समुदाय),Profit Calculator,Profit Calculator: मिर्च (Reel),जोखिम-सतर्क किसान,मिर्च में 1 एकड़ = कितना मुनाफा? पूरा हिसाब,कर्ज़ का बोझ,"AgroManch पर मिर्च direct buyers को बेचो — fair price, 72hr payment, free expert. App → List → Sell. बिचौलिया खत्म, मुनाफा आपका।",Save करो 📌 और किसान दोस्त को share करो 🙏,Lead Gen + Listing,9
REEL-101,Marketplace (बाज़ार),Profit Calculator,Profit Calculator: सरसों (Reel),छोटे किसान,सरसों में 1 एकड़ = कितना मुनाफा? पूरा हिसाब,नकली बीज/खाद,"AgroManch पर सरसों direct buyers को बेचो — fair price, 72hr payment, free expert. App → List → Sell. बिचौलिया खत्म, मुनाफा आपका।",Comment करो — आपका जवाब video में आ सकता है 💬,Lead Gen + Listing,9
REEL-102,Acquisition (अधिग्रहण),Field Interview,Field Interview: चना (Reel),युवा किसान (18-35),खेत से सीधे: बिहार के किसान क्या कह रहे हैं?,पानी की कमी,"AgroManch पर चना direct buyers को बेचो — fair price, 72hr payment, free expert. App → List → Sell. बिचौलिया खत्म, मुनाफा आपका।",Expert से free बात करो — App → Expert section 👨‍🌾,Trust + Authority,8
REEL-103,Retention (रिटेंशन),Field Interview,Field Interview: मूंग (Reel),महिला किसान,खेत से सीधे: पंजाब के किसान क्या कह रहे हैं?,मजदूरों की कमी,"AgroManch पर मूंग direct buyers को बेचो — fair price, 72hr payment, free expert. App → List → Sell. बिचौलिया खत्म, मुनाफा आपका।",Tag करो उस किसान को जिसे यह मदद करेगा 👇,Trust + Authority,8
REEL-104,Brand (ब्रांड),Old vs New,Old vs New: बाजरा (Reel),FPO सदस्य,बाजरा बेचने का पुराना तरीका vs AgroManch — 5 घंटे vs 5 मिनट,सरकारी योजना की जानकारी नहीं,"AgroManch पर बाजरा direct buyers को बेचो — fair price, 72hr payment, free expert. App → List → Sell. बिचौलिया खत्म, मुनाफा आपका।",Schemes section में status check करो — App खोलो 📋,App Download,8
REEL-105,Awareness (जागरूकता),Old vs New,Old vs New: ज्वार (Reel),प्रगतिशील किसान,ज्वार बेचने का पुराना तरीका vs AgroManch — 5 घंटे vs 5 मिनट,बाज़ार भाव की जानकारी नहीं,"AgroManch पर ज्वार direct buyers को बेचो — fair price, 72hr payment, free expert. App → List → Sell. बिचौलिया खत्म, मुनाफा आपका।",AgroManch App download करो — link bio में 👇,App Download,8
REEL-106,Trust (भरोसा),Hidden Crop,Hidden Crop: हल्दी (Reel),नए डिजिटल किसान,यह फसल ₹__/kg बिकती है — कोई राजस्थान में नहीं उगाता क्यों?,मंडी में कम भाव,"AgroManch पर हल्दी direct buyers को बेचो — fair price, 72hr payment, free expert. App → List → Sell. बिचौलिया खत्म, मुनाफा आपका।",अभी फसल list करो — पहली sale आज ही 📲,Marketplace + Listing,9
REEL-107,Education (शिक्षा),Hidden Crop,Hidden Crop: अदरक (Reel),सब्ज़ी उत्पादक,यह फसल ₹__/kg बिकती है — कोई हरियाणा में नहीं उगाता क्यों?,बिचौलियों की लूट,"AgroManch पर अदरक direct buyers को बेचो — fair price, 72hr payment, free expert. App → List → Sell. बिचौलिया खत्म, मुनाफा आपका।",WhatsApp group join करो — daily भाव alerts 🔔,Marketplace + Listing,9
REEL-108,Community (समुदाय),Hidden Crop,Hidden Crop: लहसुन (Reel),बागवानी किसान,यह फसल ₹__/kg बिकती है — कोई गुजरात में नहीं उगाता क्यों?,payment में देरी,"AgroManch पर लहसुन direct buyers को बेचो — fair price, 72hr payment, free expert. App → List → Sell. बिचौलिया खत्म, मुनाफा आपका।",Save करो 📌 और किसान दोस्त को share करो 🙏,Marketplace + Listing,9
REEL-109,Marketplace (बाज़ार),Hidden Crop,Hidden Crop: केला (Reel),सीमांत किसान,यह फसल ₹__/kg बिकती है — कोई कर्नाटक में नहीं उगाता क्यों?,फसल में रोग/कीट,"AgroManch पर केला direct buyers को बेचो — fair price, 72hr payment, free expert. App → List → Sell. बिचौलिया खत्म, मुनाफा आपका।",Comment करो — आपका जवाब video में आ सकता है 💬,Marketplace + Listing,9
REEL-110,Acquisition (अधिग्रहण),Tech Tutorial,Tech Tutorial: अनार (Reel),जोखिम-सतर्क किसान,AgroManch पर अनार list करो — 5 मिनट tutorial,मौसम का नुकसान,"AgroManch पर अनार direct buyers को बेचो — fair price, 72hr payment, free expert. App → List → Sell. बिचौलिया खत्म, मुनाफा आपका।",Expert से free बात करो — App → Expert section 👨‍🌾,App Download + Activation,8
REEL-111,Retention (रिटेंशन),Tech Tutorial,Tech Tutorial: Dragon Fruit (Reel),छोटे किसान,AgroManch पर Dragon Fruit list करो — 5 मिनट tutorial,भंडारण की समस्या,"AgroManch पर Dragon Fruit direct buyers को बेचो — fair price, 72hr payment, free expert. App → List → Sell. बिचौलिया खत्म, मुनाफा आपका।",Tag करो उस किसान को जिसे यह मदद करेगा 👇,App Download + Activation,8
REEL-112,Brand (ब्रांड),Tech Tutorial,Tech Tutorial: स्ट्रॉबेरी (Reel),युवा किसान (18-35),AgroManch पर स्ट्रॉबेरी list करो — 5 मिनट tutorial,transport खर्च,"AgroManch पर स्ट्रॉबेरी direct buyers को बेचो — fair price, 72hr payment, free expert. App → List → Sell. बिचौलिया खत्म, मुनाफा आपका।",Schemes section में status check करो — App खोलो 📋,App Download + Activation,8
REEL-113,Awareness (जागरूकता),Tech Tutorial,Tech Tutorial: मशरूम (Reel),महिला किसान,AgroManch पर मशरूम list करो — 5 मिनट tutorial,quality grading,"AgroManch पर मशरूम direct buyers को बेचो — fair price, 72hr payment, free expert. App → List → Sell. बिचौलिया खत्म, मुनाफा आपका।",AgroManch App download करो — link bio में 👇,App Download + Activation,8
REEL-114,Trust (भरोसा),Award / Recognition,Award / Recognition: सब्ज़ी (Reel),FPO सदस्य,🏆 Kisan Star of the Week — MP के किसान को बधाई!,सही buyer नहीं मिलता,"AgroManch पर सब्ज़ी direct buyers को बेचो — fair price, 72hr payment, free expert. App → List → Sell. बिचौलिया खत्म, मुनाफा आपका।",अभी फसल list करो — पहली sale आज ही 📲,Retention + Loyalty,8
REEL-115,Education (शिक्षा),Regional Language,Regional Language: भिंडी (Reel),प्रगतिशील किसान,किसान भाई — आज भोजपुरी में भिंडी की बात,कर्ज़ का बोझ,"AgroManch पर भिंडी direct buyers को बेचो — fair price, 72hr payment, free expert. App → List → Sell. बिचौलिया खत्म, मुनाफा आपका।",WhatsApp group join करो — daily भाव alerts 🔔,Registration + Reach,9
REEL-116,Community (समुदाय),Regional Language,Regional Language: बैंगन (Reel),नए डिजिटल किसान,किसान भाई — आज भोजपुरी में बैंगन की बात,नकली बीज/खाद,"AgroManch पर बैंगन direct buyers को बेचो — fair price, 72hr payment, free expert. App → List → Sell. बिचौलिया खत्म, मुनाफा आपका।",Save करो 📌 और किसान दोस्त को share करो 🙏,Registration + Reach,9
REEL-117,Marketplace (बाज़ार),Regional Language,Regional Language: फूलगोभी (Reel),सब्ज़ी उत्पादक,किसान भाई — आज भोजपुरी में फूलगोभी की बात,पानी की कमी,"AgroManch पर फूलगोभी direct buyers को बेचो — fair price, 72hr payment, free expert. App → List → Sell. बिचौलिया खत्म, मुनाफा आपका।",Comment करो — आपका जवाब video में आ सकता है 💬,Registration + Reach,9
REEL-118,Acquisition (अधिग्रहण),Regional Language,Regional Language: मटर (Reel),बागवानी किसान,किसान भाई — आज भोजपुरी में मटर की बात,मजदूरों की कमी,"AgroManch पर मटर direct buyers को बेचो — fair price, 72hr payment, free expert. App → List → Sell. बिचौलिया खत्म, मुनाफा आपका।",Expert से free बात करो — App → Expert section 👨‍🌾,Registration + Reach,9
REEL-119,Retention (रिटेंशन),Community Debate,Community Debate: अरहर (Reel),सीमांत किसान,सच बोलो — अरहर मंडी में सही भाव मिलता है? Poll 👇,सरकारी योजना की जानकारी नहीं,"AgroManch पर अरहर direct buyers को बेचो — fair price, 72hr payment, free expert. App → List → Sell. बिचौलिया खत्म, मुनाफा आपका।",Tag करो उस किसान को जिसे यह मदद करेगा 👇,Engagement + Community,9
REEL-120,Brand (ब्रांड),Community Debate,Community Debate: मूंगफली (Reel),जोखिम-सतर्क किसान,सच बोलो — मूंगफली मंडी में सही भाव मिलता है? Poll 👇,बाज़ार भाव की जानकारी नहीं,"AgroManch पर मूंगफली direct buyers को बेचो — fair price, 72hr payment, free expert. App → List → Sell. बिचौलिया खत्म, मुनाफा आपका।",Schemes section में status check करो — App खोलो 📋,Engagement + Community,9
REEL-121,Awareness (जागरूकता),Seasonal Countdown,Seasonal Countdown: गेहूं (Reel),छोटे किसान,गेहूं बुवाई में बस __ दिन बाकी — तैयारी शुरू!,मंडी में कम भाव,"AgroManch पर गेहूं direct buyers को बेचो — fair price, 72hr payment, free expert. App → List → Sell. बिचौलिया खत्म, मुनाफा आपका।",AgroManch App download करो — link bio में 👇,Listing + Marketplace,8
REEL-122,Trust (भरोसा),Seasonal Countdown,Seasonal Countdown: धान (Reel),युवा किसान (18-35),धान बुवाई में बस __ दिन बाकी — तैयारी शुरू!,बिचौलियों की लूट,"AgroManch पर धान direct buyers को बेचो — fair price, 72hr payment, free expert. App → List → Sell. बिचौलिया खत्म, मुनाफा आपका।",अभी फसल list करो — पहली sale आज ही 📲,Listing + Marketplace,8
REEL-123,Education (शिक्षा),Seasonal Countdown,Seasonal Countdown: मक्का (Reel),महिला किसान,मक्का बुवाई में बस __ दिन बाकी — तैयारी शुरू!,payment में देरी,"AgroManch पर मक्का direct buyers को बेचो — fair price, 72hr payment, free expert. App → List → Sell. बिचौलिया खत्म, मुनाफा आपका।",WhatsApp group join करो — daily भाव alerts 🔔,Listing + Marketplace,8
REEL-124,Community (समुदाय),Seasonal Countdown,Seasonal Countdown: सोयाबीन (Reel),FPO सदस्य,सोयाबीन बुवाई में बस __ दिन बाकी — तैयारी शुरू!,फसल में रोग/कीट,"AgroManch पर सोयाबीन direct buyers को बेचो — fair price, 72hr payment, free expert. App → List → Sell. बिचौलिया खत्म, मुनाफा आपका।",Save करो 📌 और किसान दोस्त को share करो 🙏,Listing + Marketplace,8
REEL-125,Marketplace (बाज़ार),Profit Reveal,Profit Reveal: कपास (Reel),प्रगतिशील किसान,इस किसान ने कपास से ₹__ लाख कमाए — कैसे?,मौसम का नुकसान,"AgroManch पर कपास direct buyers को बेचो — fair price, 72hr payment, free expert. App → List → Sell. बिचौलिया खत्म, मुनाफा आपका।",Comment करो — आपका जवाब video में आ सकता है 💬,App Download + Listing,10
REEL-126,Acquisition (अधिग्रहण),Profit Reveal,Profit Reveal: गन्ना (Reel),नए डिजिटल किसान,इस किसान ने गन्ना से ₹__ लाख कमाए — कैसे?,भंडारण की समस्या,"AgroManch पर गन्ना direct buyers को बेचो — fair price, 72hr payment, free expert. App → List → Sell. बिचौलिया खत्म, मुनाफा आपका।",Expert से free बात करो — App → Expert section 👨‍🌾,App Download + Listing,10
REEL-127,Retention (रिटेंशन),Profit Reveal,Profit Reveal: टमाटर (Reel),सब्ज़ी उत्पादक,इस किसान ने टमाटर से ₹__ लाख कमाए — कैसे?,transport खर्च,"AgroManch पर टमाटर direct buyers को बेचो — fair price, 72hr payment, free expert. App → List → Sell. बिचौलिया खत्म, मुनाफा आपका।",Tag करो उस किसान को जिसे यह मदद करेगा 👇,App Download + Listing,10
REEL-128,Brand (ब्रांड),Profit Reveal,Profit Reveal: प्याज (Reel),बागवानी किसान,इस किसान ने प्याज से ₹__ लाख कमाए — कैसे?,quality grading,"AgroManch पर प्याज direct buyers को बेचो — fair price, 72hr payment, free expert. App → List → Sell. बिचौलिया खत्म, मुनाफा आपका।",Schemes section में status check करो — App खोलो 📋,App Download + Listing,10
REEL-129,Awareness (जागरूकता),Mandi Shock,Mandi Shock: आलू (Reel),सीमांत किसान,आलू मंडी में ₹__/kg — AgroManch पर ₹__! फर्क देखो 🔴🟢,सही buyer नहीं मिलता,"AgroManch पर आलू direct buyers को बेचो — fair price, 72hr payment, free expert. App → List → Sell. बिचौलिया खत्म, मुनाफा आपका।",AgroManch App download करो — link bio में 👇,App Download + Trust,10
REEL-130,Trust (भरोसा),Mandi Shock,Mandi Shock: मिर्च (Reel),जोखिम-सतर्क किसान,मिर्च मंडी में ₹__/kg — AgroManch पर ₹__! फर्क देखो 🔴🟢,कर्ज़ का बोझ,"AgroManch पर मिर्च direct buyers को बेचो — fair price, 72hr payment, free expert. App → List → Sell. बिचौलिया खत्म, मुनाफा आपका।",अभी फसल list करो — पहली sale आज ही 📲,App Download + Trust,10
REEL-131,Education (शिक्षा),Mandi Shock,Mandi Shock: सरसों (Reel),छोटे किसान,सरसों मंडी में ₹__/kg — AgroManch पर ₹__! फर्क देखो 🔴🟢,नकली बीज/खाद,"AgroManch पर सरसों direct buyers को बेचो — fair price, 72hr payment, free expert. App → List → Sell. बिचौलिया खत्म, मुनाफा आपका।",WhatsApp group join करो — daily भाव alerts 🔔,App Download + Trust,10
REEL-132,Community (समुदाय),Mandi Shock,Mandi Shock: चना (Reel),युवा किसान (18-35),चना मंडी में ₹__/kg — AgroManch पर ₹__! फर्क देखो 🔴🟢,पानी की कमी,"AgroManch पर चना direct buyers को बेचो — fair price, 72hr payment, free expert. App → List → Sell. बिचौलिया खत्म, मुनाफा आपका।",Save करो 📌 और किसान दोस्त को share करो 🙏,App Download + Trust,10
REEL-133,Marketplace (बाज़ार),Crop Emergency Alert,Crop Emergency Alert: मूंग (Reel),महिला किसान,🚨 पंजाब में मूंग पर रोग — 72 घंटे में यह करो!,मजदूरों की कमी,"AgroManch पर मूंग direct buyers को बेचो — fair price, 72hr payment, free expert. App → List → Sell. बिचौलिया खत्म, मुनाफा आपका।",Comment करो — आपका जवाब video में आ सकता है 💬,Retention + WhatsApp Growth,9
REEL-134,Acquisition (अधिग्रहण),Crop Emergency Alert,Crop Emergency Alert: बाजरा (Reel),FPO सदस्य,🚨 MP में बाजरा पर रोग — 72 घंटे में यह करो!,सरकारी योजना की जानकारी नहीं,"AgroManch पर बाजरा direct buyers को बेचो — fair price, 72hr payment, free expert. App → List → Sell. बिचौलिया खत्म, मुनाफा आपका।",Expert से free बात करो — App → Expert section 👨‍🌾,Retention + WhatsApp Growth,9
REEL-135,Retention (रिटेंशन),Crop Emergency Alert,Crop Emergency Alert: ज्वार (Reel),प्रगतिशील किसान,🚨 महाराष्ट्र में ज्वार पर रोग — 72 घंटे में यह करो!,बाज़ार भाव की जानकारी नहीं,"AgroManch पर ज्वार direct buyers को बेचो — fair price, 72hr payment, free expert. App → List → Sell. बिचौलिया खत्म, मुनाफा आपका।",Tag करो उस किसान को जिसे यह मदद करेगा 👇,Retention + WhatsApp Growth,9
REEL-136,Brand (ब्रांड),Crop Emergency Alert,Crop Emergency Alert: हल्दी (Reel),नए डिजिटल किसान,🚨 राजस्थान में हल्दी पर रोग — 72 घंटे में यह करो!,मंडी में कम भाव,"AgroManch पर हल्दी direct buyers को बेचो — fair price, 72hr payment, free expert. App → List → Sell. बिचौलिया खत्म, मुनाफा आपका।",Schemes section में status check करो — App खोलो 📋,Retention + WhatsApp Growth,9
REEL-137,Awareness (जागरूकता),Farmer Success Story,Farmer Success Story: अदरक (Reel),सब्ज़ी उत्पादक,'पहले डर था — आज अदरक से खुशी है' — असली कहानी,बिचौलियों की लूट,"AgroManch पर अदरक direct buyers को बेचो — fair price, 72hr payment, free expert. App → List → Sell. बिचौलिया खत्म, मुनाफा आपका।",AgroManch App download करो — link bio में 👇,Trust + Registration,9
REEL-138,Trust (भरोसा),Farmer Success Story,Farmer Success Story: लहसुन (Reel),बागवानी किसान,'पहले डर था — आज लहसुन से खुशी है' — असली कहानी,payment में देरी,"AgroManch पर लहसुन direct buyers को बेचो — fair price, 72hr payment, free expert. App → List → Sell. बिचौलिया खत्म, मुनाफा आपका।",अभी फसल list करो — पहली sale आज ही 📲,Trust + Registration,9
REEL-139,Education (शिक्षा),Farmer Success Story,Farmer Success Story: केला (Reel),सीमांत किसान,'पहले डर था — आज केला से खुशी है' — असली कहानी,फसल में रोग/कीट,"AgroManch पर केला direct buyers को बेचो — fair price, 72hr payment, free expert. App → List → Sell. बिचौलिया खत्म, मुनाफा आपका।",WhatsApp group join करो — daily भाव alerts 🔔,Trust + Registration,9
REEL-140,Community (समुदाय),Farmer Success Story,Farmer Success Story: अनार (Reel),जोखिम-सतर्क किसान,'पहले डर था — आज अनार से खुशी है' — असली कहानी,मौसम का नुकसान,"AgroManch पर अनार direct buyers को बेचो — fair price, 72hr payment, free expert. App → List → Sell. बिचौलिया खत्म, मुनाफा आपका।",Save करो 📌 और किसान दोस्त को share करो 🙏,Trust + Registration,9
REEL-141,Marketplace (बाज़ार),Machinery Pride,Machinery Pride: Dragon Fruit (Reel),छोटे किसान,यह मशीन Dragon Fruit की लागत आधी कर देती है 😮,भंडारण की समस्या,"AgroManch पर Dragon Fruit direct buyers को बेचो — fair price, 72hr payment, free expert. App → List → Sell. बिचौलिया खत्म, मुनाफा आपका।",Comment करो — आपका जवाब video में आ सकता है 💬,Marketplace + Brand,8
REEL-142,Acquisition (अधिग्रहण),Machinery Pride,Machinery Pride: स्ट्रॉबेरी (Reel),युवा किसान (18-35),यह मशीन स्ट्रॉबेरी की लागत आधी कर देती है 😮,transport खर्च,"AgroManch पर स्ट्रॉबेरी direct buyers को बेचो — fair price, 72hr payment, free expert. App → List → Sell. बिचौलिया खत्म, मुनाफा आपका।",Expert से free बात करो — App → Expert section 👨‍🌾,Marketplace + Brand,8
REEL-143,Retention (रिटेंशन),Scheme Bomb,Scheme Bomb: मशरूम (Reel),महिला किसान,"🚨 KCC (Kisan Credit Card) — किस्त आ रही है, status check करो!",quality grading,"AgroManch पर मशरूम direct buyers को बेचो — fair price, 72hr payment, free expert. App → List → Sell. बिचौलिया खत्म, मुनाफा आपका।",Tag करो उस किसान को जिसे यह मदद करेगा 👇,WhatsApp Growth + Registration,9
REEL-144,Brand (ब्रांड),Scheme Bomb,Scheme Bomb: सब्ज़ी (Reel),FPO सदस्य,"🚨 PM-KUSUM सोलर — किस्त आ रही है, status check करो!",सही buyer नहीं मिलता,"AgroManch पर सब्ज़ी direct buyers को बेचो — fair price, 72hr payment, free expert. App → List → Sell. बिचौलिया खत्म, मुनाफा आपका।",Schemes section में status check करो — App खोलो 📋,WhatsApp Growth + Registration,9
REEL-145,Awareness (जागरूकता),Scheme Bomb,Scheme Bomb: भिंडी (Reel),प्रगतिशील किसान,"🚨 e-NAM — किस्त आ रही है, status check करो!",कर्ज़ का बोझ,"AgroManch पर भिंडी direct buyers को बेचो — fair price, 72hr payment, free expert. App → List → Sell. बिचौलिया खत्म, मुनाफा आपका।",AgroManch App download करो — link bio में 👇,WhatsApp Growth + Registration,9
REEL-146,Trust (भरोसा),Scheme Bomb,Scheme Bomb: बैंगन (Reel),नए डिजिटल किसान,"🚨 Soil Health Card — किस्त आ रही है, status check करो!",नकली बीज/खाद,"AgroManch पर बैंगन direct buyers को बेचो — fair price, 72hr payment, free expert. App → List → Sell. बिचौलिया खत्म, मुनाफा आपका।",अभी फसल list करो — पहली sale आज ही 📲,WhatsApp Growth + Registration,9
REEL-147,Education (शिक्षा),Jugaad Hack,Jugaad Hack: फूलगोभी (Reel),सब्ज़ी उत्पादक,₹200 में फूलगोभी का जुगाड़ — 90% किसान नहीं जानते,पानी की कमी,"AgroManch पर फूलगोभी direct buyers को बेचो — fair price, 72hr payment, free expert. App → List → Sell. बिचौलिया खत्म, मुनाफा आपका।",WhatsApp group join करो — daily भाव alerts 🔔,Shareability + Reach,9
REEL-148,Community (समुदाय),Jugaad Hack,Jugaad Hack: मटर (Reel),बागवानी किसान,₹200 में मटर का जुगाड़ — 90% किसान नहीं जानते,मजदूरों की कमी,"AgroManch पर मटर direct buyers को बेचो — fair price, 72hr payment, free expert. App → List → Sell. बिचौलिया खत्म, मुनाफा आपका।",Save करो 📌 और किसान दोस्त को share करो 🙏,Shareability + Reach,9
REEL-149,Marketplace (बाज़ार),Before / After,Before / After: अरहर (Reel),सीमांत किसान,अरहर खेत: पहले बनाम बाद — यकीन नहीं होगा,सरकारी योजना की जानकारी नहीं,"AgroManch पर अरहर direct buyers को बेचो — fair price, 72hr payment, free expert. App → List → Sell. बिचौलिया खत्म, मुनाफा आपका।",Comment करो — आपका जवाब video में आ सकता है 💬,Trust + Listing,8
REEL-150,Acquisition (अधिग्रहण),Before / After,Before / After: मूंगफली (Reel),जोखिम-सतर्क किसान,मूंगफली खेत: पहले बनाम बाद — यकीन नहीं होगा,बाज़ार भाव की जानकारी नहीं,"AgroManch पर मूंगफली direct buyers को बेचो — fair price, 72hr payment, free expert. App → List → Sell. बिचौलिया खत्म, मुनाफा आपका।",Expert से free बात करो — App → Expert section 👨‍🌾,Trust + Listing,8
REEL-151,Retention (रिटेंशन),Mahila Kisan,Mahila Kisan: गेहूं (Reel),छोटे किसान,'अकेले 3 एकड़ गेहूं संभाला' — रेखा देवी की कहानी,मंडी में कम भाव,"AgroManch पर गेहूं direct buyers को बेचो — fair price, 72hr payment, free expert. App → List → Sell. बिचौलिया खत्म, मुनाफा आपका।",Tag करो उस किसान को जिसे यह मदद करेगा 👇,Community + Brand,9
REEL-152,Brand (ब्रांड),Mahila Kisan,Mahila Kisan: धान (Reel),युवा किसान (18-35),'अकेले 3 एकड़ धान संभाला' — रेखा देवी की कहानी,बिचौलियों की लूट,"AgroManch पर धान direct buyers को बेचो — fair price, 72hr payment, free expert. App → List → Sell. बिचौलिया खत्म, मुनाफा आपका।",Schemes section में status check करो — App खोलो 📋,Community + Brand,9
REEL-153,Awareness (जागरूकता),Mahila Kisan,Mahila Kisan: मक्का (Reel),महिला किसान,'अकेले 3 एकड़ मक्का संभाला' — रेखा देवी की कहानी,payment में देरी,"AgroManch पर मक्का direct buyers को बेचो — fair price, 72hr payment, free expert. App → List → Sell. बिचौलिया खत्म, मुनाफा आपका।",AgroManch App download करो — link bio में 👇,Community + Brand,9
REEL-154,Trust (भरोसा),Mahila Kisan,Mahila Kisan: सोयाबीन (Reel),FPO सदस्य,'अकेले 3 एकड़ सोयाबीन संभाला' — रेखा देवी की कहानी,फसल में रोग/कीट,"AgroManch पर सोयाबीन direct buyers को बेचो — fair price, 72hr payment, free expert. App → List → Sell. बिचौलिया खत्म, मुनाफा आपका।",अभी फसल list करो — पहली sale आज ही 📲,Community + Brand,9
REEL-155,Education (शिक्षा),Weather Emergency,Weather Emergency: कपास (Reel),प्रगतिशील किसान,🚨 महाराष्ट्र Alert: 72 घंटे में मौसम — कपास बचाओ!,मौसम का नुकसान,"AgroManch पर कपास direct buyers को बेचो — fair price, 72hr payment, free expert. App → List → Sell. बिचौलिया खत्म, मुनाफा आपका।",WhatsApp group join करो — daily भाव alerts 🔔,Retention + App Download,9
REEL-156,Community (समुदाय),Weather Emergency,Weather Emergency: गन्ना (Reel),नए डिजिटल किसान,🚨 राजस्थान Alert: 72 घंटे में मौसम — गन्ना बचाओ!,भंडारण की समस्या,"AgroManch पर गन्ना direct buyers को बेचो — fair price, 72hr payment, free expert. App → List → Sell. बिचौलिया खत्म, मुनाफा आपका।",Save करो 📌 और किसान दोस्त को share करो 🙏,Retention + App Download,9
REEL-157,Marketplace (बाज़ार),Weather Emergency,Weather Emergency: टमाटर (Reel),सब्ज़ी उत्पादक,🚨 हरियाणा Alert: 72 घंटे में मौसम — टमाटर बचाओ!,transport खर्च,"AgroManch पर टमाटर direct buyers को बेचो — fair price, 72hr payment, free expert. App → List → Sell. बिचौलिया खत्म, मुनाफा आपका।",Comment करो — आपका जवाब video में आ सकता है 💬,Retention + App Download,9
REEL-158,Acquisition (अधिग्रहण),Weather Emergency,Weather Emergency: प्याज (Reel),बागवानी किसान,🚨 गुजरात Alert: 72 घंटे में मौसम — प्याज बचाओ!,quality grading,"AgroManch पर प्याज direct buyers को बेचो — fair price, 72hr payment, free expert. App → List → Sell. बिचौलिया खत्म, मुनाफा आपका।",Expert से free बात करो — App → Expert section 👨‍🌾,Retention + App Download,9
REEL-159,Retention (रिटेंशन),Myth Buster,Myth Buster: आलू (Reel),सीमांत किसान,आलू के बारे में यह बात झूठ है — सच जानो,सही buyer नहीं मिलता,"AgroManch पर आलू direct buyers को बेचो — fair price, 72hr payment, free expert. App → List → Sell. बिचौलिया खत्म, मुनाफा आपका।",Tag करो उस किसान को जिसे यह मदद करेगा 👇,Brand Authority,8
REEL-160,Brand (ब्रांड),Profit Calculator,Profit Calculator: मिर्च (Reel),जोखिम-सतर्क किसान,मिर्च में 1 एकड़ = कितना मुनाफा? पूरा हिसाब,कर्ज़ का बोझ,"AgroManch पर मिर्च direct buyers को बेचो — fair price, 72hr payment, free expert. App → List → Sell. बिचौलिया खत्म, मुनाफा आपका।",Schemes section में status check करो — App खोलो 📋,Lead Gen + Listing,9
REEL-161,Awareness (जागरूकता),Profit Calculator,Profit Calculator: सरसों (Reel),छोटे किसान,सरसों में 1 एकड़ = कितना मुनाफा? पूरा हिसाब,नकली बीज/खाद,"AgroManch पर सरसों direct buyers को बेचो — fair price, 72hr payment, free expert. App → List → Sell. बिचौलिया खत्म, मुनाफा आपका।",AgroManch App download करो — link bio में 👇,Lead Gen + Listing,9
REEL-162,Trust (भरोसा),Profit Calculator,Profit Calculator: चना (Reel),युवा किसान (18-35),चना में 1 एकड़ = कितना मुनाफा? पूरा हिसाब,पानी की कमी,"AgroManch पर चना direct buyers को बेचो — fair price, 72hr payment, free expert. App → List → Sell. बिचौलिया खत्म, मुनाफा आपका।",अभी फसल list करो — पहली sale आज ही 📲,Lead Gen + Listing,9
REEL-163,Education (शिक्षा),Profit Calculator,Profit Calculator: मूंग (Reel),महिला किसान,मूंग में 1 एकड़ = कितना मुनाफा? पूरा हिसाब,मजदूरों की कमी,"AgroManch पर मूंग direct buyers को बेचो — fair price, 72hr payment, free expert. App → List → Sell. बिचौलिया खत्म, मुनाफा आपका।",WhatsApp group join करो — daily भाव alerts 🔔,Lead Gen + Listing,9
REEL-164,Community (समुदाय),Field Interview,Field Interview: बाजरा (Reel),FPO सदस्य,खेत से सीधे: MP के किसान क्या कह रहे हैं?,सरकारी योजना की जानकारी नहीं,"AgroManch पर बाजरा direct buyers को बेचो — fair price, 72hr payment, free expert. App → List → Sell. बिचौलिया खत्म, मुनाफा आपका।",Save करो 📌 और किसान दोस्त को share करो 🙏,Trust + Authority,8
REEL-165,Marketplace (बाज़ार),Field Interview,Field Interview: ज्वार (Reel),प्रगतिशील किसान,खेत से सीधे: महाराष्ट्र के किसान क्या कह रहे हैं?,बाज़ार भाव की जानकारी नहीं,"AgroManch पर ज्वार direct buyers को बेचो — fair price, 72hr payment, free expert. App → List → Sell. बिचौलिया खत्म, मुनाफा आपका।",Comment करो — आपका जवाब video में आ सकता है 💬,Trust + Authority,8
REEL-166,Acquisition (अधिग्रहण),Old vs New,Old vs New: हल्दी (Reel),नए डिजिटल किसान,हल्दी बेचने का पुराना तरीका vs AgroManch — 5 घंटे vs 5 मिनट,मंडी में कम भाव,"AgroManch पर हल्दी direct buyers को बेचो — fair price, 72hr payment, free expert. App → List → Sell. बिचौलिया खत्म, मुनाफा आपका।",Expert से free बात करो — App → Expert section 👨‍🌾,App Download,8
REEL-167,Retention (रिटेंशन),Old vs New,Old vs New: अदरक (Reel),सब्ज़ी उत्पादक,अदरक बेचने का पुराना तरीका vs AgroManch — 5 घंटे vs 5 मिनट,बिचौलियों की लूट,"AgroManch पर अदरक direct buyers को बेचो — fair price, 72hr payment, free expert. App → List → Sell. बिचौलिया खत्म, मुनाफा आपका।",Tag करो उस किसान को जिसे यह मदद करेगा 👇,App Download,8
REEL-168,Brand (ब्रांड),Hidden Crop,Hidden Crop: लहसुन (Reel),बागवानी किसान,यह फसल ₹__/kg बिकती है — कोई गुजरात में नहीं उगाता क्यों?,payment में देरी,"AgroManch पर लहसुन direct buyers को बेचो — fair price, 72hr payment, free expert. App → List → Sell. बिचौलिया खत्म, मुनाफा आपका।",Schemes section में status check करो — App खोलो 📋,Marketplace + Listing,9
REEL-169,Awareness (जागरूकता),Hidden Crop,Hidden Crop: केला (Reel),सीमांत किसान,यह फसल ₹__/kg बिकती है — कोई कर्नाटक में नहीं उगाता क्यों?,फसल में रोग/कीट,"AgroManch पर केला direct buyers को बेचो — fair price, 72hr payment, free expert. App → List → Sell. बिचौलिया खत्म, मुनाफा आपका।",AgroManch App download करो — link bio में 👇,Marketplace + Listing,9
REEL-170,Trust (भरोसा),Hidden Crop,Hidden Crop: अनार (Reel),जोखिम-सतर्क किसान,यह फसल ₹__/kg बिकती है — कोई पश्चिम बंगाल में नहीं उगाता क्यों?,मौसम का नुकसान,"AgroManch पर अनार direct buyers को बेचो — fair price, 72hr payment, free expert. App → List → Sell. बिचौलिया खत्म, मुनाफा आपका।",अभी फसल list करो — पहली sale आज ही 📲,Marketplace + Listing,9
REEL-171,Education (शिक्षा),Hidden Crop,Hidden Crop: Dragon Fruit (Reel),छोटे किसान,यह फसल ₹__/kg बिकती है — कोई UP में नहीं उगाता क्यों?,भंडारण की समस्या,"AgroManch पर Dragon Fruit direct buyers को बेचो — fair price, 72hr payment, free expert. App → List → Sell. बिचौलिया खत्म, मुनाफा आपका।",WhatsApp group join करो — daily भाव alerts 🔔,Marketplace + Listing,9
REEL-172,Community (समुदाय),Tech Tutorial,Tech Tutorial: स्ट्रॉबेरी (Reel),युवा किसान (18-35),AgroManch पर स्ट्रॉबेरी list करो — 5 मिनट tutorial,transport खर्च,"AgroManch पर स्ट्रॉबेरी direct buyers को बेचो — fair price, 72hr payment, free expert. App → List → Sell. बिचौलिया खत्म, मुनाफा आपका।",Save करो 📌 और किसान दोस्त को share करो 🙏,App Download + Activation,8
REEL-173,Marketplace (बाज़ार),Tech Tutorial,Tech Tutorial: मशरूम (Reel),महिला किसान,AgroManch पर मशरूम list करो — 5 मिनट tutorial,quality grading,"AgroManch पर मशरूम direct buyers को बेचो — fair price, 72hr payment, free expert. App → List → Sell. बिचौलिया खत्म, मुनाफा आपका।",Comment करो — आपका जवाब video में आ सकता है 💬,App Download + Activation,8
REEL-174,Acquisition (अधिग्रहण),Tech Tutorial,Tech Tutorial: सब्ज़ी (Reel),FPO सदस्य,AgroManch पर सब्ज़ी list करो — 5 मिनट tutorial,सही buyer नहीं मिलता,"AgroManch पर सब्ज़ी direct buyers को बेचो — fair price, 72hr payment, free expert. App → List → Sell. बिचौलिया खत्म, मुनाफा आपका।",Expert से free बात करो — App → Expert section 👨‍🌾,App Download + Activation,8
REEL-175,Retention (रिटेंशन),Tech Tutorial,Tech Tutorial: भिंडी (Reel),प्रगतिशील किसान,AgroManch पर भिंडी list करो — 5 मिनट tutorial,कर्ज़ का बोझ,"AgroManch पर भिंडी direct buyers को बेचो — fair price, 72hr payment, free expert. App → List → Sell. बिचौलिया खत्म, मुनाफा आपका।",Tag करो उस किसान को जिसे यह मदद करेगा 👇,App Download + Activation,8
REEL-176,Brand (ब्रांड),Award / Recognition,Award / Recognition: बैंगन (Reel),नए डिजिटल किसान,🏆 Kisan Star of the Week — राजस्थान के किसान को बधाई!,नकली बीज/खाद,"AgroManch पर बैंगन direct buyers को बेचो — fair price, 72hr payment, free expert. App → List → Sell. बिचौलिया खत्म, मुनाफा आपका।",Schemes section में status check करो — App खोलो 📋,Retention + Loyalty,8
REEL-177,Awareness (जागरूकता),Regional Language,Regional Language: फूलगोभी (Reel),सब्ज़ी उत्पादक,किसान भाई — आज भोजपुरी में फूलगोभी की बात,पानी की कमी,"AgroManch पर फूलगोभी direct buyers को बेचो — fair price, 72hr payment, free expert. App → List → Sell. बिचौलिया खत्म, मुनाफा आपका।",AgroManch App download करो — link bio में 👇,Registration + Reach,9
REEL-178,Trust (भरोसा),Regional Language,Regional Language: मटर (Reel),बागवानी किसान,किसान भाई — आज भोजपुरी में मटर की बात,मजदूरों की कमी,"AgroManch पर मटर direct buyers को बेचो — fair price, 72hr payment, free expert. App → List → Sell. बिचौलिया खत्म, मुनाफा आपका।",अभी फसल list करो — पहली sale आज ही 📲,Registration + Reach,9
REEL-179,Education (शिक्षा),Regional Language,Regional Language: अरहर (Reel),सीमांत किसान,किसान भाई — आज भोजपुरी में अरहर की बात,सरकारी योजना की जानकारी नहीं,"AgroManch पर अरहर direct buyers को बेचो — fair price, 72hr payment, free expert. App → List → Sell. बिचौलिया खत्म, मुनाफा आपका।",WhatsApp group join करो — daily भाव alerts 🔔,Registration + Reach,9
REEL-180,Community (समुदाय),Regional Language,Regional Language: मूंगफली (Reel),जोखिम-सतर्क किसान,किसान भाई — आज भोजपुरी में मूंगफली की बात,बाज़ार भाव की जानकारी नहीं,"AgroManch पर मूंगफली direct buyers को बेचो — fair price, 72hr payment, free expert. App → List → Sell. बिचौलिया खत्म, मुनाफा आपका।",Save करो 📌 और किसान दोस्त को share करो 🙏,Registration + Reach,9
REEL-181,Marketplace (बाज़ार),Community Debate,Community Debate: गेहूं (Reel),छोटे किसान,सच बोलो — गेहूं मंडी में सही भाव मिलता है? Poll 👇,मंडी में कम भाव,"AgroManch पर गेहूं direct buyers को बेचो — fair price, 72hr payment, free expert. App → List → Sell. बिचौलिया खत्म, मुनाफा आपका।",Comment करो — आपका जवाब video में आ सकता है 💬,Engagement + Community,9
REEL-182,Acquisition (अधिग्रहण),Community Debate,Community Debate: धान (Reel),युवा किसान (18-35),सच बोलो — धान मंडी में सही भाव मिलता है? Poll 👇,बिचौलियों की लूट,"AgroManch पर धान direct buyers को बेचो — fair price, 72hr payment, free expert. App → List → Sell. बिचौलिया खत्म, मुनाफा आपका।",Expert से free बात करो — App → Expert section 👨‍🌾,Engagement + Community,9
REEL-183,Retention (रिटेंशन),Seasonal Countdown,Seasonal Countdown: मक्का (Reel),महिला किसान,मक्का बुवाई में बस __ दिन बाकी — तैयारी शुरू!,payment में देरी,"AgroManch पर मक्का direct buyers को बेचो — fair price, 72hr payment, free expert. App → List → Sell. बिचौलिया खत्म, मुनाफा आपका।",Tag करो उस किसान को जिसे यह मदद करेगा 👇,Listing + Marketplace,8
REEL-184,Brand (ब्रांड),Seasonal Countdown,Seasonal Countdown: सोयाबीन (Reel),FPO सदस्य,सोयाबीन बुवाई में बस __ दिन बाकी — तैयारी शुरू!,फसल में रोग/कीट,"AgroManch पर सोयाबीन direct buyers को बेचो — fair price, 72hr payment, free expert. App → List → Sell. बिचौलिया खत्म, मुनाफा आपका।",Schemes section में status check करो — App खोलो 📋,Listing + Marketplace,8
REEL-185,Awareness (जागरूकता),Seasonal Countdown,Seasonal Countdown: कपास (Reel),प्रगतिशील किसान,कपास बुवाई में बस __ दिन बाकी — तैयारी शुरू!,मौसम का नुकसान,"AgroManch पर कपास direct buyers को बेचो — fair price, 72hr payment, free expert. App → List → Sell. बिचौलिया खत्म, मुनाफा आपका।",AgroManch App download करो — link bio में 👇,Listing + Marketplace,8
REEL-186,Trust (भरोसा),Seasonal Countdown,Seasonal Countdown: गन्ना (Reel),नए डिजिटल किसान,गन्ना बुवाई में बस __ दिन बाकी — तैयारी शुरू!,भंडारण की समस्या,"AgroManch पर गन्ना direct buyers को बेचो — fair price, 72hr payment, free expert. App → List → Sell. बिचौलिया खत्म, मुनाफा आपका।",अभी फसल list करो — पहली sale आज ही 📲,Listing + Marketplace,8
REEL-187,Education (शिक्षा),Profit Reveal,Profit Reveal: टमाटर (Reel),सब्ज़ी उत्पादक,इस किसान ने टमाटर से ₹__ लाख कमाए — कैसे?,transport खर्च,"AgroManch पर टमाटर direct buyers को बेचो — fair price, 72hr payment, free expert. App → List → Sell. बिचौलिया खत्म, मुनाफा आपका।",WhatsApp group join करो — daily भाव alerts 🔔,App Download + Listing,10
REEL-188,Community (समुदाय),Profit Reveal,Profit Reveal: प्याज (Reel),बागवानी किसान,इस किसान ने प्याज से ₹__ लाख कमाए — कैसे?,quality grading,"AgroManch पर प्याज direct buyers को बेचो — fair price, 72hr payment, free expert. App → List → Sell. बिचौलिया खत्म, मुनाफा आपका।",Save करो 📌 और किसान दोस्त को share करो 🙏,App Download + Listing,10
REEL-189,Marketplace (बाज़ार),Profit Reveal,Profit Reveal: आलू (Reel),सीमांत किसान,इस किसान ने आलू से ₹__ लाख कमाए — कैसे?,सही buyer नहीं मिलता,"AgroManch पर आलू direct buyers को बेचो — fair price, 72hr payment, free expert. App → List → Sell. बिचौलिया खत्म, मुनाफा आपका।",Comment करो — आपका जवाब video में आ सकता है 💬,App Download + Listing,10
REEL-190,Acquisition (अधिग्रहण),Profit Reveal,Profit Reveal: मिर्च (Reel),जोखिम-सतर्क किसान,इस किसान ने मिर्च से ₹__ लाख कमाए — कैसे?,कर्ज़ का बोझ,"AgroManch पर मिर्च direct buyers को बेचो — fair price, 72hr payment, free expert. App → List → Sell. बिचौलिया खत्म, मुनाफा आपका।",Expert से free बात करो — App → Expert section 👨‍🌾,App Download + Listing,10
REEL-191,Retention (रिटेंशन),Mandi Shock,Mandi Shock: सरसों (Reel),छोटे किसान,सरसों मंडी में ₹__/kg — AgroManch पर ₹__! फर्क देखो 🔴🟢,नकली बीज/खाद,"AgroManch पर सरसों direct buyers को बेचो — fair price, 72hr payment, free expert. App → List → Sell. बिचौलिया खत्म, मुनाफा आपका।",Tag करो उस किसान को जिसे यह मदद करेगा 👇,App Download + Trust,10
REEL-192,Brand (ब्रांड),Mandi Shock,Mandi Shock: चना (Reel),युवा किसान (18-35),चना मंडी में ₹__/kg — AgroManch पर ₹__! फर्क देखो 🔴🟢,पानी की कमी,"AgroManch पर चना direct buyers को बेचो — fair price, 72hr payment, free expert. App → List → Sell. बिचौलिया खत्म, मुनाफा आपका।",Schemes section में status check करो — App खोलो 📋,App Download + Trust,10
REEL-193,Awareness (जागरूकता),Mandi Shock,Mandi Shock: मूंग (Reel),महिला किसान,मूंग मंडी में ₹__/kg — AgroManch पर ₹__! फर्क देखो 🔴🟢,मजदूरों की कमी,"AgroManch पर मूंग direct buyers को बेचो — fair price, 72hr payment, free expert. App → List → Sell. बिचौलिया खत्म, मुनाफा आपका।",AgroManch App download करो — link bio में 👇,App Download + Trust,10
REEL-194,Trust (भरोसा),Mandi Shock,Mandi Shock: बाजरा (Reel),FPO सदस्य,बाजरा मंडी में ₹__/kg — AgroManch पर ₹__! फर्क देखो 🔴🟢,सरकारी योजना की जानकारी नहीं,"AgroManch पर बाजरा direct buyers को बेचो — fair price, 72hr payment, free expert. App → List → Sell. बिचौलिया खत्म, मुनाफा आपका।",अभी फसल list करो — पहली sale आज ही 📲,App Download + Trust,10
REEL-195,Education (शिक्षा),Crop Emergency Alert,Crop Emergency Alert: ज्वार (Reel),प्रगतिशील किसान,🚨 महाराष्ट्र में ज्वार पर रोग — 72 घंटे में यह करो!,बाज़ार भाव की जानकारी नहीं,"AgroManch पर ज्वार direct buyers को बेचो — fair price, 72hr payment, free expert. App → List → Sell. बिचौलिया खत्म, मुनाफा आपका।",WhatsApp group join करो — daily भाव alerts 🔔,Retention + WhatsApp Growth,9
REEL-196,Community (समुदाय),Crop Emergency Alert,Crop Emergency Alert: हल्दी (Reel),नए डिजिटल किसान,🚨 राजस्थान में हल्दी पर रोग — 72 घंटे में यह करो!,मंडी में कम भाव,"AgroManch पर हल्दी direct buyers को बेचो — fair price, 72hr payment, free expert. App → List → Sell. बिचौलिया खत्म, मुनाफा आपका।",Save करो 📌 और किसान दोस्त को share करो 🙏,Retention + WhatsApp Growth,9
REEL-197,Marketplace (बाज़ार),Crop Emergency Alert,Crop Emergency Alert: अदरक (Reel),सब्ज़ी उत्पादक,🚨 हरियाणा में अदरक पर रोग — 72 घंटे में यह करो!,बिचौलियों की लूट,"AgroManch पर अदरक direct buyers को बेचो — fair price, 72hr payment, free expert. App → List → Sell. बिचौलिया खत्म, मुनाफा आपका।",Comment करो — आपका जवाब video में आ सकता है 💬,Retention + WhatsApp Growth,9
REEL-198,Acquisition (अधिग्रहण),Crop Emergency Alert,Crop Emergency Alert: लहसुन (Reel),बागवानी किसान,🚨 गुजरात में लहसुन पर रोग — 72 घंटे में यह करो!,payment में देरी,"AgroManch पर लहसुन direct buyers को बेचो — fair price, 72hr payment, free expert. App → List → Sell. बिचौलिया खत्म, मुनाफा आपका।",Expert से free बात करो — App → Expert section 👨‍🌾,Retention + WhatsApp Growth,9
REEL-199,Retention (रिटेंशन),Farmer Success Story,Farmer Success Story: केला (Reel),सीमांत किसान,'पहले डर था — आज केला से खुशी है' — असली कहानी,फसल में रोग/कीट,"AgroManch पर केला direct buyers को बेचो — fair price, 72hr payment, free expert. App → List → Sell. बिचौलिया खत्म, मुनाफा आपका।",Tag करो उस किसान को जिसे यह मदद करेगा 👇,Trust + Registration,9
REEL-200,Brand (ब्रांड),Farmer Success Story,Farmer Success Story: अनार (Reel),जोखिम-सतर्क किसान,'पहले डर था — आज अनार से खुशी है' — असली कहानी,मौसम का नुकसान,"AgroManch पर अनार direct buyers को बेचो — fair price, 72hr payment, free expert. App → List → Sell. बिचौलिया खत्म, मुनाफा आपका।",Schemes section में status check करो — App खोलो 📋,Trust + Registration,9
